env_id,gym_env_id,agent,lam,seed,fingerprint,cost_return,raw_return,n_actions,solved,steps,n_eval_episodes,elapsed_sec,total_steps,source_csv
MinAtar_Freeway-v1,MinAtar/Freeway-v1,dqn,0.0,0,98ebed2de231,8.688888888888888,8.688888888888888,943.0888888888888,0.0,1000.0,45,2794.5,300000,results/raw/MinAtar_Freeway-v1/dqn/lam0.0/seed0_final.csv
MinAtar_Freeway-v1,MinAtar/Freeway-v1,dqn,0.0,1,98ebed2de231,5.7555555555555555,5.7555555555555555,662.3777777777777,0.0,1000.0,45,2593.0,300000,results/raw/MinAtar_Freeway-v1/dqn/lam0.0/seed1_final.csv
MinAtar_Freeway-v1,MinAtar/Freeway-v1,dqn,0.0,2,98ebed2de231,4.377777777777778,4.377777777777778,483.75555555555553,0.0,1000.0,45,2736.6,300000,results/raw/MinAtar_Freeway-v1/dqn/lam0.0/seed2_final.csv
MinAtar_Freeway-v1,MinAtar/Freeway-v1,dqn,0.0,3,98ebed2de231,4.622222222222222,4.622222222222222,962.8444444444444,0.0,1000.0,45,2460.5,300000,results/raw/MinAtar_Freeway-v1/dqn/lam0.0/seed3_final.csv
MinAtar_Freeway-v1,MinAtar/Freeway-v1,dqn,0.0,4,98ebed2de231,6.288888888888889,6.288888888888889,604.1111111111111,0.0,1000.0,45,2449.5,300000,results/raw/MinAtar_Freeway-v1/dqn/lam0.0/seed4_final.csv
MinAtar_Freeway-v1,MinAtar/Freeway-v1,dqn,0.0,5,98ebed2de231,7.888888888888889,7.888888888888889,948.1777777777778,0.0,1000.0,45,2464.2,300000,results/raw/MinAtar_Freeway-v1/dqn/lam0.0/seed5_final.csv
MinAtar_Freeway-v1,MinAtar/Freeway-v1,dqn,0.0,6,98ebed2de231,6.688888888888889,6.688888888888889,834.1777777777778,0.0,1000.0,45,2542.0,300000,results/raw/MinAtar_Freeway-v1/dqn/lam0.0/seed6_final.csv
MinAtar_Freeway-v1,MinAtar/Freeway-v1,dqn,0.0,7,98ebed2de231,8.511111111111111,8.511111111111111,911.8666666666667,0.0,1000.0,45,2501.0,300000,results/raw/MinAtar_Freeway-v1/dqn/lam0.0/seed7_final.csv
MinAtar_Freeway-v1,MinAtar/Freeway-v1,dqn,0.0,8,98ebed2de231,9.244444444444444,9.244444444444444,891.5555555555555,0.0,1000.0,45,2546.0,300000,results/raw/MinAtar_Freeway-v1/dqn/lam0.0/seed8_final.csv
MinAtar_Freeway-v1,MinAtar/Freeway-v1,dqn,0.005,0,98ebed2de231,2.8807777777778054,7.5777777777777775,939.4,0.0,1000.0,45,2789.3,300000,results/raw/MinAtar_Freeway-v1/dqn/lam0.005/seed0_final.csv
MinAtar_Freeway-v1,MinAtar/Freeway-v1,dqn,0.005,1,98ebed2de231,1.7836666666667014,4.644444444444445,572.1555555555556,0.0,1000.0,45,2593.1,300000,results/raw/MinAtar_Freeway-v1/dqn/lam0.005/seed1_final.csv
MinAtar_Freeway-v1,MinAtar/Freeway-v1,dqn,0.005,2,98ebed2de231,4.699111111111149,8.533333333333333,766.8444444444444,0.0,1000.0,45,2866.5,300000,results/raw/MinAtar_Freeway-v1/dqn/lam0.005/seed2_final.csv
MinAtar_Freeway-v1,MinAtar/Freeway-v1,dqn,0.005,3,98ebed2de231,4.86666666666663,9.866666666666667,1000.0,0.0,1000.0,45,3159.8,300000,results/raw/MinAtar_Freeway-v1/dqn/lam0.005/seed3_final.csv
MinAtar_Freeway-v1,MinAtar/Freeway-v1,dqn,0.005,4,98ebed2de231,2.336333333333353,4.711111111111111,474.9555555555556,0.0,1000.0,45,2554.2,300000,results/raw/MinAtar_Freeway-v1/dqn/lam0.005/seed4_final.csv
MinAtar_Freeway-v1,MinAtar/Freeway-v1,dqn,0.005,5,98ebed2de231,2.5137777777778036,5.711111111111111,639.4666666666667,0.0,1000.0,45,2580.6,300000,results/raw/MinAtar_Freeway-v1/dqn/lam0.005/seed5_final.csv
MinAtar_Freeway-v1,MinAtar/Freeway-v1,dqn,0.005,6,98ebed2de231,1.7333333333333445,5.066666666666666,666.6666666666666,0.0,1000.0,45,3066.2,300000,results/raw/MinAtar_Freeway-v1/dqn/lam0.005/seed6_final.csv
MinAtar_Freeway-v1,MinAtar/Freeway-v1,dqn,0.005,7,98ebed2de231,2.983444444444452,6.555555555555555,714.4222222222222,0.0,1000.0,45,2557.1,300000,results/raw/MinAtar_Freeway-v1/dqn/lam0.005/seed7_final.csv
MinAtar_Freeway-v1,MinAtar/Freeway-v1,dqn,0.005,8,98ebed2de231,0.0,0.0,0.0,0.0,1000.0,45,3000.0,300000,results/raw/MinAtar_Freeway-v1/dqn/lam0.005/seed8_final.csv
MinAtar_Freeway-v1,MinAtar/Freeway-v1,dqn,0.01,0,98ebed2de231,0.0,0.0,0.0,0.0,1000.0,45,3298.2,300000,results/raw/MinAtar_Freeway-v1/dqn/lam0.01/seed0_final.csv
MinAtar_Freeway-v1,MinAtar/Freeway-v1,dqn,0.01,1,98ebed2de231,0.9997777777778013,4.8,380.02222222222224,0.0,1000.0,45,2605.3,300000,results/raw/MinAtar_Freeway-v1/dqn/lam0.01/seed1_final.csv
MinAtar_Freeway-v1,MinAtar/Freeway-v1,dqn,0.01,2,98ebed2de231,0.0,0.0,0.0,0.0,1000.0,45,3160.6,300000,results/raw/MinAtar_Freeway-v1/dqn/lam0.01/seed2_final.csv
MinAtar_Freeway-v1,MinAtar/Freeway-v1,dqn,0.01,3,98ebed2de231,0.0,0.0,0.0,0.0,1000.0,45,3209.6,300000,results/raw/MinAtar_Freeway-v1/dqn/lam0.01/seed3_final.csv
MinAtar_Freeway-v1,MinAtar/Freeway-v1,dqn,0.01,4,98ebed2de231,-1.5837777777777517,4.177777777777778,576.1555555555556,0.0,1000.0,45,2523.9,300000,results/raw/MinAtar_Freeway-v1/dqn/lam0.01/seed4_final.csv
MinAtar_Freeway-v1,MinAtar/Freeway-v1,dqn,0.01,5,98ebed2de231,-1.7611111111110813,3.311111111111111,507.22222222222223,0.0,1000.0,45,2620.1,300000,results/raw/MinAtar_Freeway-v1/dqn/lam0.01/seed5_final.csv
MinAtar_Freeway-v1,MinAtar/Freeway-v1,dqn,0.01,6,98ebed2de231,0.0,0.0,0.0,0.0,1000.0,45,3131.1,300000,results/raw/MinAtar_Freeway-v1/dqn/lam0.01/seed6_final.csv
MinAtar_Freeway-v1,MinAtar/Freeway-v1,dqn,0.01,7,98ebed2de231,0.0,0.0,0.0,0.0,1000.0,45,3088.9,300000,results/raw/MinAtar_Freeway-v1/dqn/lam0.01/seed7_final.csv
MinAtar_Freeway-v1,MinAtar/Freeway-v1,dqn,0.01,8,98ebed2de231,0.0,0.0,0.0,0.0,1000.0,45,3033.2,300000,results/raw/MinAtar_Freeway-v1/dqn/lam0.01/seed8_final.csv
MinAtar_Freeway-v1,MinAtar/Freeway-v1,dqn,0.02,0,98ebed2de231,0.0,0.0,0.0,0.0,1000.0,45,3313.3,300000,results/raw/MinAtar_Freeway-v1/dqn/lam0.02/seed0_final.csv
MinAtar_Freeway-v1,MinAtar/Freeway-v1,dqn,0.02,1,98ebed2de231,-0.6573333333333331,0.6,62.86666666666667,0.0,1000.0,45,3016.3,300000,results/raw/MinAtar_Freeway-v1/dqn/lam0.02/seed1_final.csv
MinAtar_Freeway-v1,MinAtar/Freeway-v1,dqn,0.02,2,98ebed2de231,0.0,0.0,0.0,0.0,1000.0,45,3207.6,300000,results/raw/MinAtar_Freeway-v1/dqn/lam0.02/seed2_final.csv
MinAtar_Freeway-v1,MinAtar/Freeway-v1,dqn,0.02,3,98ebed2de231,0.0,0.0,0.0,0.0,1000.0,45,3205.8,300000,results/raw/MinAtar_Freeway-v1/dqn/lam0.02/seed3_final.csv
MinAtar_Freeway-v1,MinAtar/Freeway-v1,dqn,0.02,4,98ebed2de231,-0.004888888888888893,0.022222222222222223,1.3555555555555556,0.0,1000.0,45,2712.9,300000,results/raw/MinAtar_Freeway-v1/dqn/lam0.02/seed4_final.csv
MinAtar_Freeway-v1,MinAtar/Freeway-v1,dqn,0.02,5,98ebed2de231,0.0,0.0,0.0,0.0,1000.0,45,2749.4,300000,results/raw/MinAtar_Freeway-v1/dqn/lam0.02/seed5_final.csv
MinAtar_Freeway-v1,MinAtar/Freeway-v1,dqn,0.02,6,98ebed2de231,0.0,0.0,0.0,0.0,1000.0,45,3129.1,300000,results/raw/MinAtar_Freeway-v1/dqn/lam0.02/seed6_final.csv
MinAtar_Freeway-v1,MinAtar/Freeway-v1,dqn,0.02,7,98ebed2de231,0.0,0.0,0.0,0.0,1000.0,45,3160.8,300000,results/raw/MinAtar_Freeway-v1/dqn/lam0.02/seed7_final.csv
MinAtar_Freeway-v1,MinAtar/Freeway-v1,dqn,0.04,0,98ebed2de231,0.0,0.0,0.0,0.0,1000.0,45,3330.3,300000,results/raw/MinAtar_Freeway-v1/dqn/lam0.04/seed0_final.csv
MinAtar_Freeway-v1,MinAtar/Freeway-v1,dqn,0.04,1,98ebed2de231,-0.12533333333333344,0.08888888888888889,5.355555555555555,0.0,1000.0,45,3089.8,300000,results/raw/MinAtar_Freeway-v1/dqn/lam0.04/seed1_final.csv
MinAtar_Freeway-v1,MinAtar/Freeway-v1,dqn,0.04,2,98ebed2de231,0.0,0.0,0.0,0.0,1000.0,45,3230.3,300000,results/raw/MinAtar_Freeway-v1/dqn/lam0.04/seed2_final.csv
MinAtar_Freeway-v1,MinAtar/Freeway-v1,dqn,0.04,3,98ebed2de231,0.0,0.0,0.0,0.0,1000.0,45,3191.5,300000,results/raw/MinAtar_Freeway-v1/dqn/lam0.04/seed3_final.csv
MinAtar_Freeway-v1,MinAtar/Freeway-v1,dqn,0.04,4,98ebed2de231,-0.03911111111111112,0.0,0.9777777777777777,0.0,1000.0,45,3054.5,300000,results/raw/MinAtar_Freeway-v1/dqn/lam0.04/seed4_final.csv
MinAtar_Freeway-v1,MinAtar/Freeway-v1,dqn,0.04,5,98ebed2de231,-0.04266666666666669,0.022222222222222223,1.6222222222222222,0.0,1000.0,45,3049.9,300000,results/raw/MinAtar_Freeway-v1/dqn/lam0.04/seed5_final.csv
MinAtar_Freeway-v1,MinAtar/Freeway-v1,dqn,0.04,6,98ebed2de231,0.0,0.0,0.0,0.0,1000.0,45,3135.0,300000,results/raw/MinAtar_Freeway-v1/dqn/lam0.04/seed6_final.csv
MinAtar_Freeway-v1,MinAtar/Freeway-v1,dqn,0.04,7,98ebed2de231,0.0,0.0,0.0,0.0,1000.0,45,3173.9,300000,results/raw/MinAtar_Freeway-v1/dqn/lam0.04/seed7_final.csv
MinAtar_Freeway-v1,MinAtar/Freeway-v1,dqn,0.06,0,98ebed2de231,0.0,0.0,0.0,0.0,1000.0,45,3295.6,300000,results/raw/MinAtar_Freeway-v1/dqn/lam0.06/seed0_final.csv
MinAtar_Freeway-v1,MinAtar/Freeway-v1,dqn,0.06,1,98ebed2de231,-0.013333333333333332,0.0,0.2222222222222222,0.0,1000.0,45,3171.8,300000,results/raw/MinAtar_Freeway-v1/dqn/lam0.06/seed1_final.csv
MinAtar_Freeway-v1,MinAtar/Freeway-v1,dqn,0.06,2,98ebed2de231,0.0,0.0,0.0,0.0,1000.0,45,3267.9,300000,results/raw/MinAtar_Freeway-v1/dqn/lam0.06/seed2_final.csv
MinAtar_Freeway-v1,MinAtar/Freeway-v1,dqn,0.06,3,98ebed2de231,0.0,0.0,0.0,0.0,1000.0,45,3198.6,300000,results/raw/MinAtar_Freeway-v1/dqn/lam0.06/seed3_final.csv
MinAtar_Freeway-v1,MinAtar/Freeway-v1,dqn,0.06,4,98ebed2de231,0.0,0.0,0.0,0.0,1000.0,45,2922.5,300000,results/raw/MinAtar_Freeway-v1/dqn/lam0.06/seed4_final.csv
MinAtar_Freeway-v1,MinAtar/Freeway-v1,dqn,0.06,5,98ebed2de231,0.0,0.0,0.0,0.0,1000.0,45,3094.3,300000,results/raw/MinAtar_Freeway-v1/dqn/lam0.06/seed5_final.csv
MinAtar_Freeway-v1,MinAtar/Freeway-v1,dqn,0.06,6,98ebed2de231,0.0,0.0,0.0,0.0,1000.0,45,3107.0,300000,results/raw/MinAtar_Freeway-v1/dqn/lam0.06/seed6_final.csv
MinAtar_Freeway-v1,MinAtar/Freeway-v1,dqn,0.06,7,98ebed2de231,0.0,0.0,0.0,0.0,1000.0,45,3175.9,300000,results/raw/MinAtar_Freeway-v1/dqn/lam0.06/seed7_final.csv
MinAtar_Freeway-v1,MinAtar/Freeway-v1,lazy,0.0,0,71bd1602e34f,14.533333333333333,14.533333333333333,402.4222222222222,0.0,1000.0,45,2594.3,300000,results/raw/MinAtar_Freeway-v1/lazy/lam0.0/seed0_final.csv
MinAtar_Freeway-v1,MinAtar/Freeway-v1,lazy,0.0,1,71bd1602e34f,12.777777777777779,12.777777777777779,403.4222222222222,0.0,1000.0,45,2666.3,300000,results/raw/MinAtar_Freeway-v1/lazy/lam0.0/seed1_final.csv
MinAtar_Freeway-v1,MinAtar/Freeway-v1,lazy,0.0,2,71bd1602e34f,11.777777777777779,11.777777777777779,513.5111111111111,0.0,1000.0,45,2490.2,300000,results/raw/MinAtar_Freeway-v1/lazy/lam0.0/seed2_final.csv
MinAtar_Freeway-v1,MinAtar/Freeway-v1,lazy,0.0,3,71bd1602e34f,15.133333333333333,15.133333333333333,375.68888888888887,0.0,1000.0,45,2491.5,300000,results/raw/MinAtar_Freeway-v1/lazy/lam0.0/seed3_final.csv
MinAtar_Freeway-v1,MinAtar/Freeway-v1,lazy,0.0,4,71bd1602e34f,14.822222222222223,14.822222222222223,387.26666666666665,0.0,1000.0,45,2587.9,300000,results/raw/MinAtar_Freeway-v1/lazy/lam0.0/seed4_final.csv
MinAtar_Freeway-v1,MinAtar/Freeway-v1,lazy,0.0,5,71bd1602e34f,15.977777777777778,15.977777777777778,487.1777777777778,0.0,1000.0,45,2535.2,300000,results/raw/MinAtar_Freeway-v1/lazy/lam0.0/seed5_final.csv
MinAtar_Freeway-v1,MinAtar/Freeway-v1,lazy,0.0,6,71bd1602e34f,14.933333333333334,14.933333333333334,517.5333333333333,0.0,1000.0,45,2513.2,300000,results/raw/MinAtar_Freeway-v1/lazy/lam0.0/seed6_final.csv
MinAtar_Freeway-v1,MinAtar/Freeway-v1,lazy,0.0,7,71bd1602e34f,12.555555555555555,12.555555555555555,609.0888888888888,0.0,1000.0,45,2517.8,300000,results/raw/MinAtar_Freeway-v1/lazy/lam0.0/seed7_final.csv
MinAtar_Freeway-v1,MinAtar/Freeway-v1,lazy,0.005,0,71bd1602e34f,12.266888888888795,14.6,466.6222222222222,0.0,1000.0,45,2584.4,300000,results/raw/MinAtar_Freeway-v1/lazy/lam0.005/seed0_final.csv
MinAtar_Freeway-v1,MinAtar/Freeway-v1,lazy,0.005,1,71bd1602e34f,12.853111111111053,14.555555555555555,340.4888888888889,0.0,1000.0,45,2651.4,300000,results/raw/MinAtar_Freeway-v1/lazy/lam0.005/seed1_final.csv
MinAtar_Freeway-v1,MinAtar/Freeway-v1,lazy,0.005,2,71bd1602e34f,12.051777777777732,13.8,349.64444444444445,0.0,1000.0,45,2493.6,300000,results/raw/MinAtar_Freeway-v1/lazy/lam0.005/seed2_final.csv
MinAtar_Freeway-v1,MinAtar/Freeway-v1,lazy,0.005,3,71bd1602e34f,9.062888888888851,11.133333333333333,414.0888888888889,0.0,1000.0,45,2515.8,300000,results/raw/MinAtar_Freeway-v1/lazy/lam0.005/seed3_final.csv
MinAtar_Freeway-v1,MinAtar/Freeway-v1,lazy,0.005,4,71bd1602e34f,11.877444444444368,14.066666666666666,437.84444444444443,0.0,1000.0,45,2478.6,300000,results/raw/MinAtar_Freeway-v1/lazy/lam0.005/seed4_final.csv
MinAtar_Freeway-v1,MinAtar/Freeway-v1,lazy,0.005,5,71bd1602e34f,15.406999999999906,17.511111111111113,420.8222222222222,0.0,1000.0,45,2834.3,300000,results/raw/MinAtar_Freeway-v1/lazy/lam0.005/seed5_final.csv
MinAtar_Freeway-v1,MinAtar/Freeway-v1,lazy,0.005,6,71bd1602e34f,14.358222222222164,16.244444444444444,377.24444444444447,0.0,1000.0,45,2427.3,300000,results/raw/MinAtar_Freeway-v1/lazy/lam0.005/seed6_final.csv
MinAtar_Freeway-v1,MinAtar/Freeway-v1,lazy,0.005,7,71bd1602e34f,15.340555555555486,17.044444444444444,340.77777777777777,0.0,1000.0,45,2399.6,300000,results/raw/MinAtar_Freeway-v1/lazy/lam0.005/seed7_final.csv
MinAtar_Freeway-v1,MinAtar/Freeway-v1,lazy,0.01,0,71bd1602e34f,11.917333333333366,15.266666666666667,334.93333333333334,0.0,1000.0,45,2573.1,300000,results/raw/MinAtar_Freeway-v1/lazy/lam0.01/seed0_final.csv
MinAtar_Freeway-v1,MinAtar/Freeway-v1,lazy,0.01,1,71bd1602e34f,9.765777777777803,12.422222222222222,265.64444444444445,0.0,1000.0,45,2571.4,300000,results/raw/MinAtar_Freeway-v1/lazy/lam0.01/seed1_final.csv
MinAtar_Freeway-v1,MinAtar/Freeway-v1,lazy,0.01,2,71bd1602e34f,9.830444444444497,13.266666666666667,343.6222222222222,0.0,1000.0,45,2504.4,300000,results/raw/MinAtar_Freeway-v1/lazy/lam0.01/seed2_final.csv
MinAtar_Freeway-v1,MinAtar/Freeway-v1,lazy,0.01,3,71bd1602e34f,8.560222222222263,11.577777777777778,301.75555555555553,0.0,1000.0,45,2543.3,300000,results/raw/MinAtar_Freeway-v1/lazy/lam0.01/seed3_final.csv
MinAtar_Freeway-v1,MinAtar/Freeway-v1,lazy,0.01,4,71bd1602e34f,12.526000000000042,15.955555555555556,342.9555555555556,0.0,1000.0,45,2502.0,300000,results/raw/MinAtar_Freeway-v1/lazy/lam0.01/seed4_final.csv
MinAtar_Freeway-v1,MinAtar/Freeway-v1,lazy,0.01,5,71bd1602e34f,12.995111111111159,16.6,360.4888888888889,0.0,1000.0,45,2594.1,300000,results/raw/MinAtar_Freeway-v1/lazy/lam0.01/seed5_final.csv
MinAtar_Freeway-v1,MinAtar/Freeway-v1,lazy,0.01,6,71bd1602e34f,8.422888888888938,11.977777777777778,355.4888888888889,0.0,1000.0,45,2502.7,300000,results/raw/MinAtar_Freeway-v1/lazy/lam0.01/seed6_final.csv
MinAtar_Freeway-v1,MinAtar/Freeway-v1,lazy,0.01,7,71bd1602e34f,12.423555555555605,15.777777777777779,335.4222222222222,0.0,1000.0,45,2479.3,300000,results/raw/MinAtar_Freeway-v1/lazy/lam0.01/seed7_final.csv
MinAtar_Freeway-v1,MinAtar/Freeway-v1,lazy,0.02,0,71bd1602e34f,10.077777777777847,16.22222222222222,307.22222222222223,0.0,1000.0,45,2490.9,300000,results/raw/MinAtar_Freeway-v1/lazy/lam0.02/seed0_final.csv
MinAtar_Freeway-v1,MinAtar/Freeway-v1,lazy,0.02,1,71bd1602e34f,7.148444444444494,12.6,272.5777777777778,0.0,1000.0,45,2602.4,300000,results/raw/MinAtar_Freeway-v1/lazy/lam0.02/seed1_final.csv
MinAtar_Freeway-v1,MinAtar/Freeway-v1,lazy,0.02,2,71bd1602e34f,7.462222222222286,13.8,316.8888888888889,0.0,1000.0,45,2451.7,300000,results/raw/MinAtar_Freeway-v1/lazy/lam0.02/seed2_final.csv
MinAtar_Freeway-v1,MinAtar/Freeway-v1,lazy,0.02,3,71bd1602e34f,4.572888888888928,11.4,341.35555555555555,0.0,1000.0,45,2480.1,300000,results/raw/MinAtar_Freeway-v1/lazy/lam0.02/seed3_final.csv
MinAtar_Freeway-v1,MinAtar/Freeway-v1,lazy,0.02,4,71bd1602e34f,6.258666666666708,10.844444444444445,229.2888888888889,0.0,1000.0,45,2497.2,300000,results/raw/MinAtar_Freeway-v1/lazy/lam0.02/seed4_final.csv
MinAtar_Freeway-v1,MinAtar/Freeway-v1,lazy,0.02,5,71bd1602e34f,10.776000000000074,17.133333333333333,317.8666666666667,0.0,1000.0,45,2630.7,300000,results/raw/MinAtar_Freeway-v1/lazy/lam0.02/seed5_final.csv
MinAtar_Freeway-v1,MinAtar/Freeway-v1,lazy,0.02,6,71bd1602e34f,10.551555555555623,16.066666666666666,275.75555555555553,0.0,1000.0,45,2729.6,300000,results/raw/MinAtar_Freeway-v1/lazy/lam0.02/seed6_final.csv
MinAtar_Freeway-v1,MinAtar/Freeway-v1,lazy,0.02,7,71bd1602e34f,7.716888888888952,15.244444444444444,376.3777777777778,0.0,1000.0,45,2525.8,300000,results/raw/MinAtar_Freeway-v1/lazy/lam0.02/seed7_final.csv
MinAtar_Freeway-v1,MinAtar/Freeway-v1,lazy,0.04,0,71bd1602e34f,3.0044444444444443,13.933333333333334,273.22222222222223,0.0,1000.0,45,2568.5,300000,results/raw/MinAtar_Freeway-v1/lazy/lam0.04/seed0_final.csv
MinAtar_Freeway-v1,MinAtar/Freeway-v1,lazy,0.04,1,71bd1602e34f,0.7146666666666703,8.511111111111111,194.9111111111111,0.0,1000.0,45,2671.1,300000,results/raw/MinAtar_Freeway-v1/lazy/lam0.04/seed1_final.csv
MinAtar_Freeway-v1,MinAtar/Freeway-v1,lazy,0.04,2,71bd1602e34f,1.9955555555555498,12.688888888888888,267.3333333333333,0.0,1000.0,45,2511.9,300000,results/raw/MinAtar_Freeway-v1/lazy/lam0.04/seed2_final.csv
MinAtar_Freeway-v1,MinAtar/Freeway-v1,lazy,0.04,3,71bd1602e34f,2.880888888888892,14.577777777777778,292.4222222222222,0.0,1000.0,45,2740.3,300000,results/raw/MinAtar_Freeway-v1/lazy/lam0.04/seed3_final.csv
MinAtar_Freeway-v1,MinAtar/Freeway-v1,lazy,0.04,4,71bd1602e34f,-0.34488888888889346,10.644444444444444,274.73333333333335,0.0,1000.0,45,2533.8,300000,results/raw/MinAtar_Freeway-v1/lazy/lam0.04/seed4_final.csv
MinAtar_Freeway-v1,MinAtar/Freeway-v1,lazy,0.04,5,71bd1602e34f,2.607999999999996,12.022222222222222,235.35555555555555,0.0,1000.0,45,2522.1,300000,results/raw/MinAtar_Freeway-v1/lazy/lam0.04/seed5_final.csv
MinAtar_Freeway-v1,MinAtar/Freeway-v1,lazy,0.04,6,71bd1602e34f,1.666666666666667,12.955555555555556,282.22222222222223,0.0,1000.0,45,2369.0,300000,results/raw/MinAtar_Freeway-v1/lazy/lam0.04/seed6_final.csv
MinAtar_Freeway-v1,MinAtar/Freeway-v1,lazy,0.04,7,71bd1602e34f,1.6506666666666698,4.2,63.733333333333334,0.0,1000.0,45,2784.0,300000,results/raw/MinAtar_Freeway-v1/lazy/lam0.04/seed7_final.csv
MinAtar_Freeway-v1,MinAtar/Freeway-v1,lazy,0.06,0,71bd1602e34f,-0.2364444444444453,3.3555555555555556,59.86666666666667,0.0,1000.0,45,2554.9,300000,results/raw/MinAtar_Freeway-v1/lazy/lam0.06/seed0_final.csv
MinAtar_Freeway-v1,MinAtar/Freeway-v1,lazy,0.06,1,71bd1602e34f,0.14044444444444323,2.8444444444444446,45.06666666666667,0.0,1000.0,45,2864.9,300000,results/raw/MinAtar_Freeway-v1/lazy/lam0.06/seed1_final.csv
MinAtar_Freeway-v1,MinAtar/Freeway-v1,lazy,0.06,2,71bd1602e34f,0.18799999999999853,3.6,56.86666666666667,0.0,1000.0,45,2548.6,300000,results/raw/MinAtar_Freeway-v1/lazy/lam0.06/seed2_final.csv
MinAtar_Freeway-v1,MinAtar/Freeway-v1,lazy,0.06,3,71bd1602e34f,-0.748444444444446,5.488888888888889,103.95555555555555,0.0,1000.0,45,2707.9,300000,results/raw/MinAtar_Freeway-v1/lazy/lam0.06/seed3_final.csv
MinAtar_Freeway-v1,MinAtar/Freeway-v1,lazy,0.06,4,71bd1602e34f,-0.9724444444444486,9.755555555555556,178.8,0.0,1000.0,45,2563.3,300000,results/raw/MinAtar_Freeway-v1/lazy/lam0.06/seed4_final.csv
MinAtar_Freeway-v1,MinAtar/Freeway-v1,lazy,0.06,5,71bd1602e34f,-0.05022222222222224,0.044444444444444446,1.5777777777777777,0.0,1000.0,45,2673.3,300000,results/raw/MinAtar_Freeway-v1/lazy/lam0.06/seed5_final.csv
MinAtar_Freeway-v1,MinAtar/Freeway-v1,lazy,0.06,6,71bd1602e34f,-0.9888888888888913,7.377777777777778,139.44444444444446,0.0,1000.0,45,2505.8,300000,results/raw/MinAtar_Freeway-v1/lazy/lam0.06/seed6_final.csv
MinAtar_Freeway-v1,MinAtar/Freeway-v1,lazy,0.06,7,71bd1602e34f,-1.2751111111111146,8.88888888888889,169.4,0.0,1000.0,45,2717.0,300000,results/raw/MinAtar_Freeway-v1/lazy/lam0.06/seed7_final.csv
MinAtar_Freeway-v1,MinAtar/Freeway-v1,rule_cautious,0.0,0,규칙(지문없음),16.64,16.64,298.24,0.0,1000.0,50,0.0,0,results/raw/MinAtar_Freeway-v1/rule_cautious/lam0.0/seed0_final.csv
MinAtar_Freeway-v1,MinAtar/Freeway-v1,rule_cautious,0.0,1,규칙(지문없음),16.52,16.52,297.96,0.0,1000.0,50,0.0,0,results/raw/MinAtar_Freeway-v1/rule_cautious/lam0.0/seed1_final.csv
MinAtar_Freeway-v1,MinAtar/Freeway-v1,rule_cautious,0.0,2,규칙(지문없음),15.34,15.34,299.1,0.0,1000.0,50,0.0,0,results/raw/MinAtar_Freeway-v1/rule_cautious/lam0.0/seed2_final.csv
MinAtar_Freeway-v1,MinAtar/Freeway-v1,rule_cautious,0.0,3,규칙(지문없음),17.12,17.12,298.16,0.0,1000.0,50,0.0,0,results/raw/MinAtar_Freeway-v1/rule_cautious/lam0.0/seed3_final.csv
MinAtar_Freeway-v1,MinAtar/Freeway-v1,rule_cautious,0.0,4,규칙(지문없음),17.8,17.8,298.9,0.0,1000.0,50,0.0,0,results/raw/MinAtar_Freeway-v1/rule_cautious/lam0.0/seed4_final.csv
MinAtar_Freeway-v1,MinAtar/Freeway-v1,rule_cautious,0.0,5,규칙(지문없음),17.04,17.04,300.62,0.0,1000.0,50,0.0,0,results/raw/MinAtar_Freeway-v1/rule_cautious/lam0.0/seed5_final.csv
MinAtar_Freeway-v1,MinAtar/Freeway-v1,rule_cautious,0.0,6,규칙(지문없음),16.56,16.56,298.28,0.0,1000.0,50,0.0,0,results/raw/MinAtar_Freeway-v1/rule_cautious/lam0.0/seed6_final.csv
MinAtar_Freeway-v1,MinAtar/Freeway-v1,rule_cautious,0.0,7,규칙(지문없음),17.74,17.74,299.62,0.0,1000.0,50,0.0,0,results/raw/MinAtar_Freeway-v1/rule_cautious/lam0.0/seed7_final.csv
MinAtar_Freeway-v1,MinAtar/Freeway-v1,rule_cautious,0.0,8,규칙(지문없음),18.76,18.76,298.38,0.0,1000.0,50,0.0,0,results/raw/MinAtar_Freeway-v1/rule_cautious/lam0.0/seed8_final.csv
MinAtar_Freeway-v1,MinAtar/Freeway-v1,rule_cautious,0.0,9,규칙(지문없음),16.36,16.36,299.02,0.0,1000.0,50,0.0,0,results/raw/MinAtar_Freeway-v1/rule_cautious/lam0.0/seed9_final.csv
MinAtar_Freeway-v1,MinAtar/Freeway-v1,rule_cautious,0.005,0,규칙(지문없음),15.148800000000001,16.64,298.24,0.0,1000.0,50,0.005,0,results/raw/MinAtar_Freeway-v1/rule_cautious/lam0.005/seed0_final.csv
MinAtar_Freeway-v1,MinAtar/Freeway-v1,rule_cautious,0.005,1,규칙(지문없음),15.030199999999997,16.52,297.96,0.0,1000.0,50,0.0,0,results/raw/MinAtar_Freeway-v1/rule_cautious/lam0.005/seed1_final.csv
MinAtar_Freeway-v1,MinAtar/Freeway-v1,rule_cautious,0.005,2,규칙(지문없음),13.8445,15.34,299.1,0.0,1000.0,50,0.0,0,results/raw/MinAtar_Freeway-v1/rule_cautious/lam0.005/seed2_final.csv
MinAtar_Freeway-v1,MinAtar/Freeway-v1,rule_cautious,0.005,3,규칙(지문없음),15.6292,17.12,298.16,0.0,1000.0,50,0.0,0,results/raw/MinAtar_Freeway-v1/rule_cautious/lam0.005/seed3_final.csv
MinAtar_Freeway-v1,MinAtar/Freeway-v1,rule_cautious,0.005,4,규칙(지문없음),16.305500000000002,17.8,298.9,0.0,1000.0,50,0.0,0,results/raw/MinAtar_Freeway-v1/rule_cautious/lam0.005/seed4_final.csv
MinAtar_Freeway-v1,MinAtar/Freeway-v1,rule_cautious,0.005,5,규칙(지문없음),15.536900000000001,17.04,300.62,0.0,1000.0,50,0.0,0,results/raw/MinAtar_Freeway-v1/rule_cautious/lam0.005/seed5_final.csv
MinAtar_Freeway-v1,MinAtar/Freeway-v1,rule_cautious,0.005,6,규칙(지문없음),15.068600000000002,16.56,298.28,0.0,1000.0,50,0.0,0,results/raw/MinAtar_Freeway-v1/rule_cautious/lam0.005/seed6_final.csv
MinAtar_Freeway-v1,MinAtar/Freeway-v1,rule_cautious,0.005,7,규칙(지문없음),16.2419,17.74,299.62,0.0,1000.0,50,0.0,0,results/raw/MinAtar_Freeway-v1/rule_cautious/lam0.005/seed7_final.csv
MinAtar_Freeway-v1,MinAtar/Freeway-v1,rule_cautious,0.005,8,규칙(지문없음),17.2681,18.76,298.38,0.0,1000.0,50,0.0,0,results/raw/MinAtar_Freeway-v1/rule_cautious/lam0.005/seed8_final.csv
MinAtar_Freeway-v1,MinAtar/Freeway-v1,rule_cautious,0.005,9,규칙(지문없음),14.8649,16.36,299.02,0.0,1000.0,50,0.0,0,results/raw/MinAtar_Freeway-v1/rule_cautious/lam0.005/seed9_final.csv
MinAtar_Freeway-v1,MinAtar/Freeway-v1,rule_cautious,0.01,0,규칙(지문없음),13.657599999999997,16.64,298.24,0.0,1000.0,50,0.0,0,results/raw/MinAtar_Freeway-v1/rule_cautious/lam0.01/seed0_final.csv
MinAtar_Freeway-v1,MinAtar/Freeway-v1,rule_cautious,0.01,1,규칙(지문없음),13.540400000000002,16.52,297.96,0.0,1000.0,50,0.0,0,results/raw/MinAtar_Freeway-v1/rule_cautious/lam0.01/seed1_final.csv
MinAtar_Freeway-v1,MinAtar/Freeway-v1,rule_cautious,0.01,2,규칙(지문없음),12.349,15.34,299.1,0.0,1000.0,50,0.0,0,results/raw/MinAtar_Freeway-v1/rule_cautious/lam0.01/seed2_final.csv
MinAtar_Freeway-v1,MinAtar/Freeway-v1,rule_cautious,0.01,3,규칙(지문없음),14.1384,17.12,298.16,0.0,1000.0,50,0.0,0,results/raw/MinAtar_Freeway-v1/rule_cautious/lam0.01/seed3_final.csv
MinAtar_Freeway-v1,MinAtar/Freeway-v1,rule_cautious,0.01,4,규칙(지문없음),14.811,17.8,298.9,0.0,1000.0,50,0.0,0,results/raw/MinAtar_Freeway-v1/rule_cautious/lam0.01/seed4_final.csv
MinAtar_Freeway-v1,MinAtar/Freeway-v1,rule_cautious,0.01,5,규칙(지문없음),14.033800000000001,17.04,300.62,0.0,1000.0,50,0.0,0,results/raw/MinAtar_Freeway-v1/rule_cautious/lam0.01/seed5_final.csv
MinAtar_Freeway-v1,MinAtar/Freeway-v1,rule_cautious,0.01,6,규칙(지문없음),13.577200000000003,16.56,298.28,0.0,1000.0,50,0.0,0,results/raw/MinAtar_Freeway-v1/rule_cautious/lam0.01/seed6_final.csv
MinAtar_Freeway-v1,MinAtar/Freeway-v1,rule_cautious,0.01,7,규칙(지문없음),14.7438,17.74,299.62,0.0,1000.0,50,0.0,0,results/raw/MinAtar_Freeway-v1/rule_cautious/lam0.01/seed7_final.csv
MinAtar_Freeway-v1,MinAtar/Freeway-v1,rule_cautious,0.01,8,규칙(지문없음),15.776200000000001,18.76,298.38,0.0,1000.0,50,0.0,0,results/raw/MinAtar_Freeway-v1/rule_cautious/lam0.01/seed8_final.csv
MinAtar_Freeway-v1,MinAtar/Freeway-v1,rule_cautious,0.01,9,규칙(지문없음),13.3698,16.36,299.02,0.0,1000.0,50,0.0,0,results/raw/MinAtar_Freeway-v1/rule_cautious/lam0.01/seed9_final.csv
MinAtar_Freeway-v1,MinAtar/Freeway-v1,rule_cautious,0.02,0,규칙(지문없음),10.6752,16.64,298.24,0.0,1000.0,50,0.0,0,results/raw/MinAtar_Freeway-v1/rule_cautious/lam0.02/seed0_final.csv
MinAtar_Freeway-v1,MinAtar/Freeway-v1,rule_cautious,0.02,1,규칙(지문없음),10.560800000000002,16.52,297.96,0.0,1000.0,50,0.0,0,results/raw/MinAtar_Freeway-v1/rule_cautious/lam0.02/seed1_final.csv
MinAtar_Freeway-v1,MinAtar/Freeway-v1,rule_cautious,0.02,2,규칙(지문없음),9.358,15.34,299.1,0.0,1000.0,50,0.0,0,results/raw/MinAtar_Freeway-v1/rule_cautious/lam0.02/seed2_final.csv
MinAtar_Freeway-v1,MinAtar/Freeway-v1,rule_cautious,0.02,3,규칙(지문없음),11.1568,17.12,298.16,0.0,1000.0,50,0.0,0,results/raw/MinAtar_Freeway-v1/rule_cautious/lam0.02/seed3_final.csv
MinAtar_Freeway-v1,MinAtar/Freeway-v1,rule_cautious,0.02,4,규칙(지문없음),11.822000000000001,17.8,298.9,0.0,1000.0,50,0.0,0,results/raw/MinAtar_Freeway-v1/rule_cautious/lam0.02/seed4_final.csv
MinAtar_Freeway-v1,MinAtar/Freeway-v1,rule_cautious,0.02,5,규칙(지문없음),11.0276,17.04,300.62,0.0,1000.0,50,0.0,0,results/raw/MinAtar_Freeway-v1/rule_cautious/lam0.02/seed5_final.csv
MinAtar_Freeway-v1,MinAtar/Freeway-v1,rule_cautious,0.02,6,규칙(지문없음),10.5944,16.56,298.28,0.0,1000.0,50,0.0,0,results/raw/MinAtar_Freeway-v1/rule_cautious/lam0.02/seed6_final.csv
MinAtar_Freeway-v1,MinAtar/Freeway-v1,rule_cautious,0.02,7,규칙(지문없음),11.7476,17.74,299.62,0.0,1000.0,50,0.0,0,results/raw/MinAtar_Freeway-v1/rule_cautious/lam0.02/seed7_final.csv
MinAtar_Freeway-v1,MinAtar/Freeway-v1,rule_cautious,0.02,8,규칙(지문없음),12.792400000000002,18.76,298.38,0.0,1000.0,50,0.0,0,results/raw/MinAtar_Freeway-v1/rule_cautious/lam0.02/seed8_final.csv
MinAtar_Freeway-v1,MinAtar/Freeway-v1,rule_cautious,0.02,9,규칙(지문없음),10.379599999999998,16.36,299.02,0.0,1000.0,50,0.0,0,results/raw/MinAtar_Freeway-v1/rule_cautious/lam0.02/seed9_final.csv
MinAtar_Freeway-v1,MinAtar/Freeway-v1,rule_cautious,0.04,0,규칙(지문없음),4.7104,16.64,298.24,0.0,1000.0,50,0.0,0,results/raw/MinAtar_Freeway-v1/rule_cautious/lam0.04/seed0_final.csv
MinAtar_Freeway-v1,MinAtar/Freeway-v1,rule_cautious,0.04,1,규칙(지문없음),4.6015999999999995,16.52,297.96,0.0,1000.0,50,0.0,0,results/raw/MinAtar_Freeway-v1/rule_cautious/lam0.04/seed1_final.csv
MinAtar_Freeway-v1,MinAtar/Freeway-v1,rule_cautious,0.04,2,규칙(지문없음),3.3759999999999994,15.34,299.1,0.0,1000.0,50,0.0,0,results/raw/MinAtar_Freeway-v1/rule_cautious/lam0.04/seed2_final.csv
MinAtar_Freeway-v1,MinAtar/Freeway-v1,rule_cautious,0.04,3,규칙(지문없음),5.1936,17.12,298.16,0.0,1000.0,50,0.0,0,results/raw/MinAtar_Freeway-v1/rule_cautious/lam0.04/seed3_final.csv
MinAtar_Freeway-v1,MinAtar/Freeway-v1,rule_cautious,0.04,4,규칙(지문없음),5.843999999999999,17.8,298.9,0.0,1000.0,50,0.0,0,results/raw/MinAtar_Freeway-v1/rule_cautious/lam0.04/seed4_final.csv
MinAtar_Freeway-v1,MinAtar/Freeway-v1,rule_cautious,0.04,5,규칙(지문없음),5.015199999999999,17.04,300.62,0.0,1000.0,50,0.0,0,results/raw/MinAtar_Freeway-v1/rule_cautious/lam0.04/seed5_final.csv
MinAtar_Freeway-v1,MinAtar/Freeway-v1,rule_cautious,0.04,6,규칙(지문없음),4.628799999999999,16.56,298.28,0.0,1000.0,50,0.0,0,results/raw/MinAtar_Freeway-v1/rule_cautious/lam0.04/seed6_final.csv
MinAtar_Freeway-v1,MinAtar/Freeway-v1,rule_cautious,0.04,7,규칙(지문없음),5.755199999999999,17.74,299.62,0.0,1000.0,50,0.0,0,results/raw/MinAtar_Freeway-v1/rule_cautious/lam0.04/seed7_final.csv
MinAtar_Freeway-v1,MinAtar/Freeway-v1,rule_cautious,0.04,8,규칙(지문없음),6.824799999999999,18.76,298.38,0.0,1000.0,50,0.0,0,results/raw/MinAtar_Freeway-v1/rule_cautious/lam0.04/seed8_final.csv
MinAtar_Freeway-v1,MinAtar/Freeway-v1,rule_cautious,0.04,9,규칙(지문없음),4.3992,16.36,299.02,0.0,1000.0,50,0.0,0,results/raw/MinAtar_Freeway-v1/rule_cautious/lam0.04/seed9_final.csv
MinAtar_Freeway-v1,MinAtar/Freeway-v1,rule_cautious,0.06,0,규칙(지문없음),-1.2543999999999997,16.64,298.24,0.0,1000.0,50,0.0,0,results/raw/MinAtar_Freeway-v1/rule_cautious/lam0.06/seed0_final.csv
MinAtar_Freeway-v1,MinAtar/Freeway-v1,rule_cautious,0.06,1,규칙(지문없음),-1.3575999999999997,16.52,297.96,0.0,1000.0,50,0.0,0,results/raw/MinAtar_Freeway-v1/rule_cautious/lam0.06/seed1_final.csv
MinAtar_Freeway-v1,MinAtar/Freeway-v1,rule_cautious,0.06,2,규칙(지문없음),-2.605999999999999,15.34,299.1,0.0,1000.0,50,0.0,0,results/raw/MinAtar_Freeway-v1/rule_cautious/lam0.06/seed2_final.csv
MinAtar_Freeway-v1,MinAtar/Freeway-v1,rule_cautious,0.06,3,규칙(지문없음),-0.7695999999999995,17.12,298.16,0.0,1000.0,50,0.0,0,results/raw/MinAtar_Freeway-v1/rule_cautious/lam0.06/seed3_final.csv
MinAtar_Freeway-v1,MinAtar/Freeway-v1,rule_cautious,0.06,4,규칙(지문없음),-0.13399999999999943,17.8,298.9,0.0,1000.0,50,0.0,0,results/raw/MinAtar_Freeway-v1/rule_cautious/lam0.06/seed4_final.csv
MinAtar_Freeway-v1,MinAtar/Freeway-v1,rule_cautious,0.06,5,규칙(지문없음),-0.9971999999999994,17.04,300.62,0.0,1000.0,50,0.0,0,results/raw/MinAtar_Freeway-v1/rule_cautious/lam0.06/seed5_final.csv
MinAtar_Freeway-v1,MinAtar/Freeway-v1,rule_cautious,0.06,6,규칙(지문없음),-1.3367999999999995,16.56,298.28,0.0,1000.0,50,0.0,0,results/raw/MinAtar_Freeway-v1/rule_cautious/lam0.06/seed6_final.csv
MinAtar_Freeway-v1,MinAtar/Freeway-v1,rule_cautious,0.06,7,규칙(지문없음),-0.23719999999999936,17.74,299.62,0.0,1000.0,50,0.0,0,results/raw/MinAtar_Freeway-v1/rule_cautious/lam0.06/seed7_final.csv
MinAtar_Freeway-v1,MinAtar/Freeway-v1,rule_cautious,0.06,8,규칙(지문없음),0.8572000000000007,18.76,298.38,0.0,1000.0,50,0.0,0,results/raw/MinAtar_Freeway-v1/rule_cautious/lam0.06/seed8_final.csv
MinAtar_Freeway-v1,MinAtar/Freeway-v1,rule_cautious,0.06,9,규칙(지문없음),-1.5811999999999997,16.36,299.02,0.0,1000.0,50,0.0,0,results/raw/MinAtar_Freeway-v1/rule_cautious/lam0.06/seed9_final.csv
MinAtar_Freeway-v1,MinAtar/Freeway-v1,rule_cautious_d1,0.0,0,규칙(지문없음),16.08,16.08,209.3,0.0,1000.0,50,0.0,0,results/raw/MinAtar_Freeway-v1/rule_cautious_d1/lam0.0/seed0_final.csv
MinAtar_Freeway-v1,MinAtar/Freeway-v1,rule_cautious_d1,0.0,1,규칙(지문없음),14.38,14.38,199.28,0.0,1000.0,50,0.0,0,results/raw/MinAtar_Freeway-v1/rule_cautious_d1/lam0.0/seed1_final.csv
MinAtar_Freeway-v1,MinAtar/Freeway-v1,rule_cautious_d1,0.0,2,규칙(지문없음),14.7,14.7,202.68,0.0,1000.0,50,0.0,0,results/raw/MinAtar_Freeway-v1/rule_cautious_d1/lam0.0/seed2_final.csv
MinAtar_Freeway-v1,MinAtar/Freeway-v1,rule_cautious_d1,0.0,3,규칙(지문없음),15.32,15.32,203.28,0.0,1000.0,50,0.0,0,results/raw/MinAtar_Freeway-v1/rule_cautious_d1/lam0.0/seed3_final.csv
MinAtar_Freeway-v1,MinAtar/Freeway-v1,rule_cautious_d1,0.0,4,규칙(지문없음),15.4,15.4,209.76,0.0,1000.0,50,0.0,0,results/raw/MinAtar_Freeway-v1/rule_cautious_d1/lam0.0/seed4_final.csv
MinAtar_Freeway-v1,MinAtar/Freeway-v1,rule_cautious_d1,0.0,5,규칙(지문없음),14.3,14.3,205.02,0.0,1000.0,50,0.0,0,results/raw/MinAtar_Freeway-v1/rule_cautious_d1/lam0.0/seed5_final.csv
MinAtar_Freeway-v1,MinAtar/Freeway-v1,rule_cautious_d1,0.0,6,규칙(지문없음),14.6,14.6,205.72,0.0,1000.0,50,0.0,0,results/raw/MinAtar_Freeway-v1/rule_cautious_d1/lam0.0/seed6_final.csv
MinAtar_Freeway-v1,MinAtar/Freeway-v1,rule_cautious_d1,0.0,7,규칙(지문없음),14.26,14.26,204.44,0.0,1000.0,50,0.0,0,results/raw/MinAtar_Freeway-v1/rule_cautious_d1/lam0.0/seed7_final.csv
MinAtar_Freeway-v1,MinAtar/Freeway-v1,rule_cautious_d1,0.0,8,규칙(지문없음),14.0,14.0,200.34,0.0,1000.0,50,0.0,0,results/raw/MinAtar_Freeway-v1/rule_cautious_d1/lam0.0/seed8_final.csv
MinAtar_Freeway-v1,MinAtar/Freeway-v1,rule_cautious_d1,0.0,9,규칙(지문없음),15.16,15.16,205.7,0.0,1000.0,50,0.0,0,results/raw/MinAtar_Freeway-v1/rule_cautious_d1/lam0.0/seed9_final.csv
MinAtar_Freeway-v1,MinAtar/Freeway-v1,rule_cautious_d1,0.005,0,규칙(지문없음),15.033499999999998,16.08,209.3,0.0,1000.0,50,0.002,0,results/raw/MinAtar_Freeway-v1/rule_cautious_d1/lam0.005/seed0_final.csv
MinAtar_Freeway-v1,MinAtar/Freeway-v1,rule_cautious_d1,0.005,1,규칙(지문없음),13.383600000000001,14.38,199.28,0.0,1000.0,50,0.0,0,results/raw/MinAtar_Freeway-v1/rule_cautious_d1/lam0.005/seed1_final.csv
MinAtar_Freeway-v1,MinAtar/Freeway-v1,rule_cautious_d1,0.005,2,규칙(지문없음),13.686599999999999,14.7,202.68,0.0,1000.0,50,0.0,0,results/raw/MinAtar_Freeway-v1/rule_cautious_d1/lam0.005/seed2_final.csv
MinAtar_Freeway-v1,MinAtar/Freeway-v1,rule_cautious_d1,0.005,3,규칙(지문없음),14.3036,15.32,203.28,0.0,1000.0,50,0.0,0,results/raw/MinAtar_Freeway-v1/rule_cautious_d1/lam0.005/seed3_final.csv
MinAtar_Freeway-v1,MinAtar/Freeway-v1,rule_cautious_d1,0.005,4,규칙(지문없음),14.351199999999999,15.4,209.76,0.0,1000.0,50,0.0,0,results/raw/MinAtar_Freeway-v1/rule_cautious_d1/lam0.005/seed4_final.csv
MinAtar_Freeway-v1,MinAtar/Freeway-v1,rule_cautious_d1,0.005,5,규칙(지문없음),13.274899999999997,14.3,205.02,0.0,1000.0,50,0.0,0,results/raw/MinAtar_Freeway-v1/rule_cautious_d1/lam0.005/seed5_final.csv
MinAtar_Freeway-v1,MinAtar/Freeway-v1,rule_cautious_d1,0.005,6,규칙(지문없음),13.571400000000004,14.6,205.72,0.0,1000.0,50,0.001,0,results/raw/MinAtar_Freeway-v1/rule_cautious_d1/lam0.005/seed6_final.csv
MinAtar_Freeway-v1,MinAtar/Freeway-v1,rule_cautious_d1,0.005,7,규칙(지문없음),13.2378,14.26,204.44,0.0,1000.0,50,0.0,0,results/raw/MinAtar_Freeway-v1/rule_cautious_d1/lam0.005/seed7_final.csv
MinAtar_Freeway-v1,MinAtar/Freeway-v1,rule_cautious_d1,0.005,8,규칙(지문없음),12.998299999999999,14.0,200.34,0.0,1000.0,50,0.0,0,results/raw/MinAtar_Freeway-v1/rule_cautious_d1/lam0.005/seed8_final.csv
MinAtar_Freeway-v1,MinAtar/Freeway-v1,rule_cautious_d1,0.005,9,규칙(지문없음),14.131500000000003,15.16,205.7,0.0,1000.0,50,0.0,0,results/raw/MinAtar_Freeway-v1/rule_cautious_d1/lam0.005/seed9_final.csv
MinAtar_Freeway-v1,MinAtar/Freeway-v1,rule_cautious_d1,0.01,0,규칙(지문없음),13.986999999999998,16.08,209.3,0.0,1000.0,50,0.0,0,results/raw/MinAtar_Freeway-v1/rule_cautious_d1/lam0.01/seed0_final.csv
MinAtar_Freeway-v1,MinAtar/Freeway-v1,rule_cautious_d1,0.01,1,규칙(지문없음),12.3872,14.38,199.28,0.0,1000.0,50,0.0,0,results/raw/MinAtar_Freeway-v1/rule_cautious_d1/lam0.01/seed1_final.csv
MinAtar_Freeway-v1,MinAtar/Freeway-v1,rule_cautious_d1,0.01,2,규칙(지문없음),12.673200000000001,14.7,202.68,0.0,1000.0,50,0.0,0,results/raw/MinAtar_Freeway-v1/rule_cautious_d1/lam0.01/seed2_final.csv
MinAtar_Freeway-v1,MinAtar/Freeway-v1,rule_cautious_d1,0.01,3,규칙(지문없음),13.2872,15.32,203.28,0.0,1000.0,50,0.0,0,results/raw/MinAtar_Freeway-v1/rule_cautious_d1/lam0.01/seed3_final.csv
MinAtar_Freeway-v1,MinAtar/Freeway-v1,rule_cautious_d1,0.01,4,규칙(지문없음),13.302399999999999,15.4,209.76,0.0,1000.0,50,0.0,0,results/raw/MinAtar_Freeway-v1/rule_cautious_d1/lam0.01/seed4_final.csv
MinAtar_Freeway-v1,MinAtar/Freeway-v1,rule_cautious_d1,0.01,5,규칙(지문없음),12.249800000000002,14.3,205.02,0.0,1000.0,50,0.0,0,results/raw/MinAtar_Freeway-v1/rule_cautious_d1/lam0.01/seed5_final.csv
MinAtar_Freeway-v1,MinAtar/Freeway-v1,rule_cautious_d1,0.01,6,규칙(지문없음),12.542799999999998,14.6,205.72,0.0,1000.0,50,0.0,0,results/raw/MinAtar_Freeway-v1/rule_cautious_d1/lam0.01/seed6_final.csv
MinAtar_Freeway-v1,MinAtar/Freeway-v1,rule_cautious_d1,0.01,7,규칙(지문없음),12.2156,14.26,204.44,0.0,1000.0,50,0.0,0,results/raw/MinAtar_Freeway-v1/rule_cautious_d1/lam0.01/seed7_final.csv
MinAtar_Freeway-v1,MinAtar/Freeway-v1,rule_cautious_d1,0.01,8,규칙(지문없음),11.9966,14.0,200.34,0.0,1000.0,50,0.0,0,results/raw/MinAtar_Freeway-v1/rule_cautious_d1/lam0.01/seed8_final.csv
MinAtar_Freeway-v1,MinAtar/Freeway-v1,rule_cautious_d1,0.01,9,규칙(지문없음),13.103000000000002,15.16,205.7,0.0,1000.0,50,0.0,0,results/raw/MinAtar_Freeway-v1/rule_cautious_d1/lam0.01/seed9_final.csv
MinAtar_Freeway-v1,MinAtar/Freeway-v1,rule_cautious_d1,0.02,0,규칙(지문없음),11.893999999999998,16.08,209.3,0.0,1000.0,50,0.0,0,results/raw/MinAtar_Freeway-v1/rule_cautious_d1/lam0.02/seed0_final.csv
MinAtar_Freeway-v1,MinAtar/Freeway-v1,rule_cautious_d1,0.02,1,규칙(지문없음),10.394400000000001,14.38,199.28,0.0,1000.0,50,0.0,0,results/raw/MinAtar_Freeway-v1/rule_cautious_d1/lam0.02/seed1_final.csv
MinAtar_Freeway-v1,MinAtar/Freeway-v1,rule_cautious_d1,0.02,2,규칙(지문없음),10.646400000000002,14.7,202.68,0.0,1000.0,50,0.0,0,results/raw/MinAtar_Freeway-v1/rule_cautious_d1/lam0.02/seed2_final.csv
MinAtar_Freeway-v1,MinAtar/Freeway-v1,rule_cautious_d1,0.02,3,규칙(지문없음),11.254399999999999,15.32,203.28,0.0,1000.0,50,0.0,0,results/raw/MinAtar_Freeway-v1/rule_cautious_d1/lam0.02/seed3_final.csv
MinAtar_Freeway-v1,MinAtar/Freeway-v1,rule_cautious_d1,0.02,4,규칙(지문없음),11.2048,15.4,209.76,0.0,1000.0,50,0.0,0,results/raw/MinAtar_Freeway-v1/rule_cautious_d1/lam0.02/seed4_final.csv
MinAtar_Freeway-v1,MinAtar/Freeway-v1,rule_cautious_d1,0.02,5,규칙(지문없음),10.1996,14.3,205.02,0.0,1000.0,50,0.0,0,results/raw/MinAtar_Freeway-v1/rule_cautious_d1/lam0.02/seed5_final.csv
MinAtar_Freeway-v1,MinAtar/Freeway-v1,rule_cautious_d1,0.02,6,규칙(지문없음),10.4856,14.6,205.72,0.0,1000.0,50,0.0,0,results/raw/MinAtar_Freeway-v1/rule_cautious_d1/lam0.02/seed6_final.csv
MinAtar_Freeway-v1,MinAtar/Freeway-v1,rule_cautious_d1,0.02,7,규칙(지문없음),10.1712,14.26,204.44,0.0,1000.0,50,0.0,0,results/raw/MinAtar_Freeway-v1/rule_cautious_d1/lam0.02/seed7_final.csv
MinAtar_Freeway-v1,MinAtar/Freeway-v1,rule_cautious_d1,0.02,8,규칙(지문없음),9.9932,14.0,200.34,0.0,1000.0,50,0.0,0,results/raw/MinAtar_Freeway-v1/rule_cautious_d1/lam0.02/seed8_final.csv
MinAtar_Freeway-v1,MinAtar/Freeway-v1,rule_cautious_d1,0.02,9,규칙(지문없음),11.046,15.16,205.7,0.0,1000.0,50,0.0,0,results/raw/MinAtar_Freeway-v1/rule_cautious_d1/lam0.02/seed9_final.csv
MinAtar_Freeway-v1,MinAtar/Freeway-v1,rule_cautious_d1,0.04,0,규칙(지문없음),7.708000000000001,16.08,209.3,0.0,1000.0,50,0.0,0,results/raw/MinAtar_Freeway-v1/rule_cautious_d1/lam0.04/seed0_final.csv
MinAtar_Freeway-v1,MinAtar/Freeway-v1,rule_cautious_d1,0.04,1,규칙(지문없음),6.4087999999999985,14.38,199.28,0.0,1000.0,50,0.0,0,results/raw/MinAtar_Freeway-v1/rule_cautious_d1/lam0.04/seed1_final.csv
MinAtar_Freeway-v1,MinAtar/Freeway-v1,rule_cautious_d1,0.04,2,규칙(지문없음),6.5928,14.7,202.68,0.0,1000.0,50,0.0,0,results/raw/MinAtar_Freeway-v1/rule_cautious_d1/lam0.04/seed2_final.csv
MinAtar_Freeway-v1,MinAtar/Freeway-v1,rule_cautious_d1,0.04,3,규칙(지문없음),7.1888,15.32,203.28,0.0,1000.0,50,0.0,0,results/raw/MinAtar_Freeway-v1/rule_cautious_d1/lam0.04/seed3_final.csv
MinAtar_Freeway-v1,MinAtar/Freeway-v1,rule_cautious_d1,0.04,4,규칙(지문없음),7.009600000000002,15.4,209.76,0.0,1000.0,50,0.0,0,results/raw/MinAtar_Freeway-v1/rule_cautious_d1/lam0.04/seed4_final.csv
MinAtar_Freeway-v1,MinAtar/Freeway-v1,rule_cautious_d1,0.04,5,규칙(지문없음),6.099199999999999,14.3,205.02,0.0,1000.0,50,0.0,0,results/raw/MinAtar_Freeway-v1/rule_cautious_d1/lam0.04/seed5_final.csv
MinAtar_Freeway-v1,MinAtar/Freeway-v1,rule_cautious_d1,0.04,6,규칙(지문없음),6.3712,14.6,205.72,0.0,1000.0,50,0.001,0,results/raw/MinAtar_Freeway-v1/rule_cautious_d1/lam0.04/seed6_final.csv
MinAtar_Freeway-v1,MinAtar/Freeway-v1,rule_cautious_d1,0.04,7,규칙(지문없음),6.082399999999999,14.26,204.44,0.0,1000.0,50,0.0,0,results/raw/MinAtar_Freeway-v1/rule_cautious_d1/lam0.04/seed7_final.csv
MinAtar_Freeway-v1,MinAtar/Freeway-v1,rule_cautious_d1,0.04,8,규칙(지문없음),5.986399999999999,14.0,200.34,0.0,1000.0,50,0.0,0,results/raw/MinAtar_Freeway-v1/rule_cautious_d1/lam0.04/seed8_final.csv
MinAtar_Freeway-v1,MinAtar/Freeway-v1,rule_cautious_d1,0.04,9,규칙(지문없음),6.9319999999999995,15.16,205.7,0.0,1000.0,50,0.0,0,results/raw/MinAtar_Freeway-v1/rule_cautious_d1/lam0.04/seed9_final.csv
MinAtar_Freeway-v1,MinAtar/Freeway-v1,rule_cautious_d1,0.06,0,규칙(지문없음),3.5220000000000002,16.08,209.3,0.0,1000.0,50,0.0,0,results/raw/MinAtar_Freeway-v1/rule_cautious_d1/lam0.06/seed0_final.csv
MinAtar_Freeway-v1,MinAtar/Freeway-v1,rule_cautious_d1,0.06,1,규칙(지문없음),2.423200000000001,14.38,199.28,0.0,1000.0,50,0.0,0,results/raw/MinAtar_Freeway-v1/rule_cautious_d1/lam0.06/seed1_final.csv
MinAtar_Freeway-v1,MinAtar/Freeway-v1,rule_cautious_d1,0.06,2,규칙(지문없음),2.5392,14.7,202.68,0.0,1000.0,50,0.0,0,results/raw/MinAtar_Freeway-v1/rule_cautious_d1/lam0.06/seed2_final.csv
MinAtar_Freeway-v1,MinAtar/Freeway-v1,rule_cautious_d1,0.06,3,규칙(지문없음),3.1232000000000006,15.32,203.28,0.0,1000.0,50,0.0,0,results/raw/MinAtar_Freeway-v1/rule_cautious_d1/lam0.06/seed3_final.csv
MinAtar_Freeway-v1,MinAtar/Freeway-v1,rule_cautious_d1,0.06,4,규칙(지문없음),2.8144000000000005,15.4,209.76,0.0,1000.0,50,0.0,0,results/raw/MinAtar_Freeway-v1/rule_cautious_d1/lam0.06/seed4_final.csv
MinAtar_Freeway-v1,MinAtar/Freeway-v1,rule_cautious_d1,0.06,5,규칙(지문없음),1.9988000000000006,14.3,205.02,0.0,1000.0,50,0.0,0,results/raw/MinAtar_Freeway-v1/rule_cautious_d1/lam0.06/seed5_final.csv
MinAtar_Freeway-v1,MinAtar/Freeway-v1,rule_cautious_d1,0.06,6,규칙(지문없음),2.2568000000000006,14.6,205.72,0.0,1000.0,50,0.0,0,results/raw/MinAtar_Freeway-v1/rule_cautious_d1/lam0.06/seed6_final.csv
MinAtar_Freeway-v1,MinAtar/Freeway-v1,rule_cautious_d1,0.06,7,규칙(지문없음),1.9936000000000007,14.26,204.44,0.0,1000.0,50,0.0,0,results/raw/MinAtar_Freeway-v1/rule_cautious_d1/lam0.06/seed7_final.csv
MinAtar_Freeway-v1,MinAtar/Freeway-v1,rule_cautious_d1,0.06,8,규칙(지문없음),1.9796000000000007,14.0,200.34,0.0,1000.0,50,0.0,0,results/raw/MinAtar_Freeway-v1/rule_cautious_d1/lam0.06/seed8_final.csv
MinAtar_Freeway-v1,MinAtar/Freeway-v1,rule_cautious_d1,0.06,9,규칙(지문없음),2.8180000000000005,15.16,205.7,0.0,1000.0,50,0.0,0,results/raw/MinAtar_Freeway-v1/rule_cautious_d1/lam0.06/seed9_final.csv
MinAtar_Freeway-v1,MinAtar/Freeway-v1,rule_noop,0.0,0,규칙(지문없음),0.0,0.0,0.0,0.0,1000.0,50,0.0,0,results/raw/MinAtar_Freeway-v1/rule_noop/lam0.0/seed0_final.csv
MinAtar_Freeway-v1,MinAtar/Freeway-v1,rule_noop,0.0,1,규칙(지문없음),0.0,0.0,0.0,0.0,1000.0,50,0.0,0,results/raw/MinAtar_Freeway-v1/rule_noop/lam0.0/seed1_final.csv
MinAtar_Freeway-v1,MinAtar/Freeway-v1,rule_noop,0.0,2,규칙(지문없음),0.0,0.0,0.0,0.0,1000.0,50,0.0,0,results/raw/MinAtar_Freeway-v1/rule_noop/lam0.0/seed2_final.csv
MinAtar_Freeway-v1,MinAtar/Freeway-v1,rule_noop,0.0,3,규칙(지문없음),0.0,0.0,0.0,0.0,1000.0,50,0.005,0,results/raw/MinAtar_Freeway-v1/rule_noop/lam0.0/seed3_final.csv
MinAtar_Freeway-v1,MinAtar/Freeway-v1,rule_noop,0.0,4,규칙(지문없음),0.0,0.0,0.0,0.0,1000.0,50,0.0,0,results/raw/MinAtar_Freeway-v1/rule_noop/lam0.0/seed4_final.csv
MinAtar_Freeway-v1,MinAtar/Freeway-v1,rule_noop,0.0,5,규칙(지문없음),0.0,0.0,0.0,0.0,1000.0,50,0.0,0,results/raw/MinAtar_Freeway-v1/rule_noop/lam0.0/seed5_final.csv
MinAtar_Freeway-v1,MinAtar/Freeway-v1,rule_noop,0.0,6,규칙(지문없음),0.0,0.0,0.0,0.0,1000.0,50,0.0,0,results/raw/MinAtar_Freeway-v1/rule_noop/lam0.0/seed6_final.csv
MinAtar_Freeway-v1,MinAtar/Freeway-v1,rule_noop,0.0,7,규칙(지문없음),0.0,0.0,0.0,0.0,1000.0,50,0.002,0,results/raw/MinAtar_Freeway-v1/rule_noop/lam0.0/seed7_final.csv
MinAtar_Freeway-v1,MinAtar/Freeway-v1,rule_noop,0.0,8,규칙(지문없음),0.0,0.0,0.0,0.0,1000.0,50,0.0,0,results/raw/MinAtar_Freeway-v1/rule_noop/lam0.0/seed8_final.csv
MinAtar_Freeway-v1,MinAtar/Freeway-v1,rule_noop,0.0,9,규칙(지문없음),0.0,0.0,0.0,0.0,1000.0,50,0.0,0,results/raw/MinAtar_Freeway-v1/rule_noop/lam0.0/seed9_final.csv
MinAtar_Freeway-v1,MinAtar/Freeway-v1,rule_noop,0.005,0,규칙(지문없음),0.0,0.0,0.0,0.0,1000.0,50,0.0,0,results/raw/MinAtar_Freeway-v1/rule_noop/lam0.005/seed0_final.csv
MinAtar_Freeway-v1,MinAtar/Freeway-v1,rule_noop,0.005,1,규칙(지문없음),0.0,0.0,0.0,0.0,1000.0,50,0.0,0,results/raw/MinAtar_Freeway-v1/rule_noop/lam0.005/seed1_final.csv
MinAtar_Freeway-v1,MinAtar/Freeway-v1,rule_noop,0.005,2,규칙(지문없음),0.0,0.0,0.0,0.0,1000.0,50,0.0,0,results/raw/MinAtar_Freeway-v1/rule_noop/lam0.005/seed2_final.csv
MinAtar_Freeway-v1,MinAtar/Freeway-v1,rule_noop,0.005,3,규칙(지문없음),0.0,0.0,0.0,0.0,1000.0,50,0.0,0,results/raw/MinAtar_Freeway-v1/rule_noop/lam0.005/seed3_final.csv
MinAtar_Freeway-v1,MinAtar/Freeway-v1,rule_noop,0.005,4,규칙(지문없음),0.0,0.0,0.0,0.0,1000.0,50,0.0,0,results/raw/MinAtar_Freeway-v1/rule_noop/lam0.005/seed4_final.csv
MinAtar_Freeway-v1,MinAtar/Freeway-v1,rule_noop,0.005,5,규칙(지문없음),0.0,0.0,0.0,0.0,1000.0,50,0.0,0,results/raw/MinAtar_Freeway-v1/rule_noop/lam0.005/seed5_final.csv
MinAtar_Freeway-v1,MinAtar/Freeway-v1,rule_noop,0.005,6,규칙(지문없음),0.0,0.0,0.0,0.0,1000.0,50,0.0,0,results/raw/MinAtar_Freeway-v1/rule_noop/lam0.005/seed6_final.csv
MinAtar_Freeway-v1,MinAtar/Freeway-v1,rule_noop,0.005,7,규칙(지문없음),0.0,0.0,0.0,0.0,1000.0,50,0.0,0,results/raw/MinAtar_Freeway-v1/rule_noop/lam0.005/seed7_final.csv
MinAtar_Freeway-v1,MinAtar/Freeway-v1,rule_noop,0.005,8,규칙(지문없음),0.0,0.0,0.0,0.0,1000.0,50,0.0,0,results/raw/MinAtar_Freeway-v1/rule_noop/lam0.005/seed8_final.csv
MinAtar_Freeway-v1,MinAtar/Freeway-v1,rule_noop,0.005,9,규칙(지문없음),0.0,0.0,0.0,0.0,1000.0,50,0.0,0,results/raw/MinAtar_Freeway-v1/rule_noop/lam0.005/seed9_final.csv
MinAtar_Freeway-v1,MinAtar/Freeway-v1,rule_noop,0.01,0,규칙(지문없음),0.0,0.0,0.0,0.0,1000.0,50,0.0,0,results/raw/MinAtar_Freeway-v1/rule_noop/lam0.01/seed0_final.csv
MinAtar_Freeway-v1,MinAtar/Freeway-v1,rule_noop,0.01,1,규칙(지문없음),0.0,0.0,0.0,0.0,1000.0,50,0.0,0,results/raw/MinAtar_Freeway-v1/rule_noop/lam0.01/seed1_final.csv
MinAtar_Freeway-v1,MinAtar/Freeway-v1,rule_noop,0.01,2,규칙(지문없음),0.0,0.0,0.0,0.0,1000.0,50,0.0,0,results/raw/MinAtar_Freeway-v1/rule_noop/lam0.01/seed2_final.csv
MinAtar_Freeway-v1,MinAtar/Freeway-v1,rule_noop,0.01,3,규칙(지문없음),0.0,0.0,0.0,0.0,1000.0,50,0.0,0,results/raw/MinAtar_Freeway-v1/rule_noop/lam0.01/seed3_final.csv
MinAtar_Freeway-v1,MinAtar/Freeway-v1,rule_noop,0.01,4,규칙(지문없음),0.0,0.0,0.0,0.0,1000.0,50,0.0,0,results/raw/MinAtar_Freeway-v1/rule_noop/lam0.01/seed4_final.csv
MinAtar_Freeway-v1,MinAtar/Freeway-v1,rule_noop,0.01,5,규칙(지문없음),0.0,0.0,0.0,0.0,1000.0,50,0.0,0,results/raw/MinAtar_Freeway-v1/rule_noop/lam0.01/seed5_final.csv
MinAtar_Freeway-v1,MinAtar/Freeway-v1,rule_noop,0.01,6,규칙(지문없음),0.0,0.0,0.0,0.0,1000.0,50,0.0,0,results/raw/MinAtar_Freeway-v1/rule_noop/lam0.01/seed6_final.csv
MinAtar_Freeway-v1,MinAtar/Freeway-v1,rule_noop,0.01,7,규칙(지문없음),0.0,0.0,0.0,0.0,1000.0,50,0.0,0,results/raw/MinAtar_Freeway-v1/rule_noop/lam0.01/seed7_final.csv
MinAtar_Freeway-v1,MinAtar/Freeway-v1,rule_noop,0.01,8,규칙(지문없음),0.0,0.0,0.0,0.0,1000.0,50,0.0,0,results/raw/MinAtar_Freeway-v1/rule_noop/lam0.01/seed8_final.csv
MinAtar_Freeway-v1,MinAtar/Freeway-v1,rule_noop,0.01,9,규칙(지문없음),0.0,0.0,0.0,0.0,1000.0,50,0.0,0,results/raw/MinAtar_Freeway-v1/rule_noop/lam0.01/seed9_final.csv
MinAtar_Freeway-v1,MinAtar/Freeway-v1,rule_noop,0.02,0,규칙(지문없음),0.0,0.0,0.0,0.0,1000.0,50,0.0,0,results/raw/MinAtar_Freeway-v1/rule_noop/lam0.02/seed0_final.csv
MinAtar_Freeway-v1,MinAtar/Freeway-v1,rule_noop,0.02,1,규칙(지문없음),0.0,0.0,0.0,0.0,1000.0,50,0.0,0,results/raw/MinAtar_Freeway-v1/rule_noop/lam0.02/seed1_final.csv
MinAtar_Freeway-v1,MinAtar/Freeway-v1,rule_noop,0.02,2,규칙(지문없음),0.0,0.0,0.0,0.0,1000.0,50,0.0,0,results/raw/MinAtar_Freeway-v1/rule_noop/lam0.02/seed2_final.csv
MinAtar_Freeway-v1,MinAtar/Freeway-v1,rule_noop,0.02,3,규칙(지문없음),0.0,0.0,0.0,0.0,1000.0,50,0.0,0,results/raw/MinAtar_Freeway-v1/rule_noop/lam0.02/seed3_final.csv
MinAtar_Freeway-v1,MinAtar/Freeway-v1,rule_noop,0.02,4,규칙(지문없음),0.0,0.0,0.0,0.0,1000.0,50,0.0,0,results/raw/MinAtar_Freeway-v1/rule_noop/lam0.02/seed4_final.csv
MinAtar_Freeway-v1,MinAtar/Freeway-v1,rule_noop,0.02,5,규칙(지문없음),0.0,0.0,0.0,0.0,1000.0,50,0.0,0,results/raw/MinAtar_Freeway-v1/rule_noop/lam0.02/seed5_final.csv
MinAtar_Freeway-v1,MinAtar/Freeway-v1,rule_noop,0.02,6,규칙(지문없음),0.0,0.0,0.0,0.0,1000.0,50,0.0,0,results/raw/MinAtar_Freeway-v1/rule_noop/lam0.02/seed6_final.csv
MinAtar_Freeway-v1,MinAtar/Freeway-v1,rule_noop,0.02,7,규칙(지문없음),0.0,0.0,0.0,0.0,1000.0,50,0.0,0,results/raw/MinAtar_Freeway-v1/rule_noop/lam0.02/seed7_final.csv
MinAtar_Freeway-v1,MinAtar/Freeway-v1,rule_noop,0.02,8,규칙(지문없음),0.0,0.0,0.0,0.0,1000.0,50,0.0,0,results/raw/MinAtar_Freeway-v1/rule_noop/lam0.02/seed8_final.csv
MinAtar_Freeway-v1,MinAtar/Freeway-v1,rule_noop,0.02,9,규칙(지문없음),0.0,0.0,0.0,0.0,1000.0,50,0.0,0,results/raw/MinAtar_Freeway-v1/rule_noop/lam0.02/seed9_final.csv
MinAtar_Freeway-v1,MinAtar/Freeway-v1,rule_noop,0.04,0,규칙(지문없음),0.0,0.0,0.0,0.0,1000.0,50,0.0,0,results/raw/MinAtar_Freeway-v1/rule_noop/lam0.04/seed0_final.csv
MinAtar_Freeway-v1,MinAtar/Freeway-v1,rule_noop,0.04,1,규칙(지문없음),0.0,0.0,0.0,0.0,1000.0,50,0.0,0,results/raw/MinAtar_Freeway-v1/rule_noop/lam0.04/seed1_final.csv
MinAtar_Freeway-v1,MinAtar/Freeway-v1,rule_noop,0.04,2,규칙(지문없음),0.0,0.0,0.0,0.0,1000.0,50,0.0,0,results/raw/MinAtar_Freeway-v1/rule_noop/lam0.04/seed2_final.csv
MinAtar_Freeway-v1,MinAtar/Freeway-v1,rule_noop,0.04,3,규칙(지문없음),0.0,0.0,0.0,0.0,1000.0,50,0.0,0,results/raw/MinAtar_Freeway-v1/rule_noop/lam0.04/seed3_final.csv
MinAtar_Freeway-v1,MinAtar/Freeway-v1,rule_noop,0.04,4,규칙(지문없음),0.0,0.0,0.0,0.0,1000.0,50,0.0,0,results/raw/MinAtar_Freeway-v1/rule_noop/lam0.04/seed4_final.csv
MinAtar_Freeway-v1,MinAtar/Freeway-v1,rule_noop,0.04,5,규칙(지문없음),0.0,0.0,0.0,0.0,1000.0,50,0.0,0,results/raw/MinAtar_Freeway-v1/rule_noop/lam0.04/seed5_final.csv
MinAtar_Freeway-v1,MinAtar/Freeway-v1,rule_noop,0.04,6,규칙(지문없음),0.0,0.0,0.0,0.0,1000.0,50,0.0,0,results/raw/MinAtar_Freeway-v1/rule_noop/lam0.04/seed6_final.csv
MinAtar_Freeway-v1,MinAtar/Freeway-v1,rule_noop,0.04,7,규칙(지문없음),0.0,0.0,0.0,0.0,1000.0,50,0.0,0,results/raw/MinAtar_Freeway-v1/rule_noop/lam0.04/seed7_final.csv
MinAtar_Freeway-v1,MinAtar/Freeway-v1,rule_noop,0.04,8,규칙(지문없음),0.0,0.0,0.0,0.0,1000.0,50,0.0,0,results/raw/MinAtar_Freeway-v1/rule_noop/lam0.04/seed8_final.csv
MinAtar_Freeway-v1,MinAtar/Freeway-v1,rule_noop,0.04,9,규칙(지문없음),0.0,0.0,0.0,0.0,1000.0,50,0.0,0,results/raw/MinAtar_Freeway-v1/rule_noop/lam0.04/seed9_final.csv
MinAtar_Freeway-v1,MinAtar/Freeway-v1,rule_noop,0.06,0,규칙(지문없음),0.0,0.0,0.0,0.0,1000.0,50,0.0,0,results/raw/MinAtar_Freeway-v1/rule_noop/lam0.06/seed0_final.csv
MinAtar_Freeway-v1,MinAtar/Freeway-v1,rule_noop,0.06,1,규칙(지문없음),0.0,0.0,0.0,0.0,1000.0,50,0.0,0,results/raw/MinAtar_Freeway-v1/rule_noop/lam0.06/seed1_final.csv
MinAtar_Freeway-v1,MinAtar/Freeway-v1,rule_noop,0.06,2,규칙(지문없음),0.0,0.0,0.0,0.0,1000.0,50,0.0,0,results/raw/MinAtar_Freeway-v1/rule_noop/lam0.06/seed2_final.csv
MinAtar_Freeway-v1,MinAtar/Freeway-v1,rule_noop,0.06,3,규칙(지문없음),0.0,0.0,0.0,0.0,1000.0,50,0.0,0,results/raw/MinAtar_Freeway-v1/rule_noop/lam0.06/seed3_final.csv
MinAtar_Freeway-v1,MinAtar/Freeway-v1,rule_noop,0.06,4,규칙(지문없음),0.0,0.0,0.0,0.0,1000.0,50,0.0,0,results/raw/MinAtar_Freeway-v1/rule_noop/lam0.06/seed4_final.csv
MinAtar_Freeway-v1,MinAtar/Freeway-v1,rule_noop,0.06,5,규칙(지문없음),0.0,0.0,0.0,0.0,1000.0,50,0.0,0,results/raw/MinAtar_Freeway-v1/rule_noop/lam0.06/seed5_final.csv
MinAtar_Freeway-v1,MinAtar/Freeway-v1,rule_noop,0.06,6,규칙(지문없음),0.0,0.0,0.0,0.0,1000.0,50,0.0,0,results/raw/MinAtar_Freeway-v1/rule_noop/lam0.06/seed6_final.csv
MinAtar_Freeway-v1,MinAtar/Freeway-v1,rule_noop,0.06,7,규칙(지문없음),0.0,0.0,0.0,0.0,1000.0,50,0.0,0,results/raw/MinAtar_Freeway-v1/rule_noop/lam0.06/seed7_final.csv
MinAtar_Freeway-v1,MinAtar/Freeway-v1,rule_noop,0.06,8,규칙(지문없음),0.0,0.0,0.0,0.0,1000.0,50,0.0,0,results/raw/MinAtar_Freeway-v1/rule_noop/lam0.06/seed8_final.csv
MinAtar_Freeway-v1,MinAtar/Freeway-v1,rule_noop,0.06,9,규칙(지문없음),0.0,0.0,0.0,0.0,1000.0,50,0.0,0,results/raw/MinAtar_Freeway-v1/rule_noop/lam0.06/seed9_final.csv
MinAtar_Freeway-v1,MinAtar/Freeway-v1,rule_periodic_k1,0.0,0,규칙(지문없음),10.34,10.34,1000.0,0.0,1000.0,50,0.0,0,results/raw/MinAtar_Freeway-v1/rule_periodic_k1/lam0.0/seed0_final.csv
MinAtar_Freeway-v1,MinAtar/Freeway-v1,rule_periodic_k1,0.0,1,규칙(지문없음),10.02,10.02,1000.0,0.0,1000.0,50,0.0,0,results/raw/MinAtar_Freeway-v1/rule_periodic_k1/lam0.0/seed1_final.csv
MinAtar_Freeway-v1,MinAtar/Freeway-v1,rule_periodic_k1,0.0,2,규칙(지문없음),10.08,10.08,1000.0,0.0,1000.0,50,0.0,0,results/raw/MinAtar_Freeway-v1/rule_periodic_k1/lam0.0/seed2_final.csv
MinAtar_Freeway-v1,MinAtar/Freeway-v1,rule_periodic_k1,0.0,3,규칙(지문없음),9.72,9.72,1000.0,0.0,1000.0,50,0.0,0,results/raw/MinAtar_Freeway-v1/rule_periodic_k1/lam0.0/seed3_final.csv
MinAtar_Freeway-v1,MinAtar/Freeway-v1,rule_periodic_k1,0.0,4,규칙(지문없음),9.76,9.76,1000.0,0.0,1000.0,50,0.0,0,results/raw/MinAtar_Freeway-v1/rule_periodic_k1/lam0.0/seed4_final.csv
MinAtar_Freeway-v1,MinAtar/Freeway-v1,rule_periodic_k1,0.0,5,규칙(지문없음),9.88,9.88,1000.0,0.0,1000.0,50,0.0,0,results/raw/MinAtar_Freeway-v1/rule_periodic_k1/lam0.0/seed5_final.csv
MinAtar_Freeway-v1,MinAtar/Freeway-v1,rule_periodic_k1,0.0,6,규칙(지문없음),9.52,9.52,1000.0,0.0,1000.0,50,0.0,0,results/raw/MinAtar_Freeway-v1/rule_periodic_k1/lam0.0/seed6_final.csv
MinAtar_Freeway-v1,MinAtar/Freeway-v1,rule_periodic_k1,0.0,7,규칙(지문없음),9.92,9.92,1000.0,0.0,1000.0,50,0.0,0,results/raw/MinAtar_Freeway-v1/rule_periodic_k1/lam0.0/seed7_final.csv
MinAtar_Freeway-v1,MinAtar/Freeway-v1,rule_periodic_k1,0.0,8,규칙(지문없음),10.08,10.08,1000.0,0.0,1000.0,50,0.0,0,results/raw/MinAtar_Freeway-v1/rule_periodic_k1/lam0.0/seed8_final.csv
MinAtar_Freeway-v1,MinAtar/Freeway-v1,rule_periodic_k1,0.0,9,규칙(지문없음),9.68,9.68,1000.0,0.0,1000.0,50,0.0,0,results/raw/MinAtar_Freeway-v1/rule_periodic_k1/lam0.0/seed9_final.csv
MinAtar_Freeway-v1,MinAtar/Freeway-v1,rule_periodic_k1,0.005,0,규칙(지문없음),5.34,10.34,1000.0,0.0,1000.0,50,0.0,0,results/raw/MinAtar_Freeway-v1/rule_periodic_k1/lam0.005/seed0_final.csv
MinAtar_Freeway-v1,MinAtar/Freeway-v1,rule_periodic_k1,0.005,1,규칙(지문없음),5.02,10.02,1000.0,0.0,1000.0,50,0.0,0,results/raw/MinAtar_Freeway-v1/rule_periodic_k1/lam0.005/seed1_final.csv
MinAtar_Freeway-v1,MinAtar/Freeway-v1,rule_periodic_k1,0.005,2,규칙(지문없음),5.08,10.08,1000.0,0.0,1000.0,50,0.0,0,results/raw/MinAtar_Freeway-v1/rule_periodic_k1/lam0.005/seed2_final.csv
MinAtar_Freeway-v1,MinAtar/Freeway-v1,rule_periodic_k1,0.005,3,규칙(지문없음),4.72,9.72,1000.0,0.0,1000.0,50,0.0,0,results/raw/MinAtar_Freeway-v1/rule_periodic_k1/lam0.005/seed3_final.csv
MinAtar_Freeway-v1,MinAtar/Freeway-v1,rule_periodic_k1,0.005,4,규칙(지문없음),4.76,9.76,1000.0,0.0,1000.0,50,0.0,0,results/raw/MinAtar_Freeway-v1/rule_periodic_k1/lam0.005/seed4_final.csv
MinAtar_Freeway-v1,MinAtar/Freeway-v1,rule_periodic_k1,0.005,5,규칙(지문없음),4.88,9.88,1000.0,0.0,1000.0,50,0.0,0,results/raw/MinAtar_Freeway-v1/rule_periodic_k1/lam0.005/seed5_final.csv
MinAtar_Freeway-v1,MinAtar/Freeway-v1,rule_periodic_k1,0.005,6,규칙(지문없음),4.52,9.52,1000.0,0.0,1000.0,50,0.0,0,results/raw/MinAtar_Freeway-v1/rule_periodic_k1/lam0.005/seed6_final.csv
MinAtar_Freeway-v1,MinAtar/Freeway-v1,rule_periodic_k1,0.005,7,규칙(지문없음),4.92,9.92,1000.0,0.0,1000.0,50,0.0,0,results/raw/MinAtar_Freeway-v1/rule_periodic_k1/lam0.005/seed7_final.csv
MinAtar_Freeway-v1,MinAtar/Freeway-v1,rule_periodic_k1,0.005,8,규칙(지문없음),5.08,10.08,1000.0,0.0,1000.0,50,0.0,0,results/raw/MinAtar_Freeway-v1/rule_periodic_k1/lam0.005/seed8_final.csv
MinAtar_Freeway-v1,MinAtar/Freeway-v1,rule_periodic_k1,0.005,9,규칙(지문없음),4.68,9.68,1000.0,0.0,1000.0,50,0.0,0,results/raw/MinAtar_Freeway-v1/rule_periodic_k1/lam0.005/seed9_final.csv
MinAtar_Freeway-v1,MinAtar/Freeway-v1,rule_periodic_k1,0.01,0,규칙(지문없음),0.34,10.34,1000.0,0.0,1000.0,50,0.0,0,results/raw/MinAtar_Freeway-v1/rule_periodic_k1/lam0.01/seed0_final.csv
MinAtar_Freeway-v1,MinAtar/Freeway-v1,rule_periodic_k1,0.01,1,규칙(지문없음),0.02,10.02,1000.0,0.0,1000.0,50,0.0,0,results/raw/MinAtar_Freeway-v1/rule_periodic_k1/lam0.01/seed1_final.csv
MinAtar_Freeway-v1,MinAtar/Freeway-v1,rule_periodic_k1,0.01,2,규칙(지문없음),0.08,10.08,1000.0,0.0,1000.0,50,0.0,0,results/raw/MinAtar_Freeway-v1/rule_periodic_k1/lam0.01/seed2_final.csv
MinAtar_Freeway-v1,MinAtar/Freeway-v1,rule_periodic_k1,0.01,3,규칙(지문없음),-0.28,9.72,1000.0,0.0,1000.0,50,0.0,0,results/raw/MinAtar_Freeway-v1/rule_periodic_k1/lam0.01/seed3_final.csv
MinAtar_Freeway-v1,MinAtar/Freeway-v1,rule_periodic_k1,0.01,4,규칙(지문없음),-0.24,9.76,1000.0,0.0,1000.0,50,0.0,0,results/raw/MinAtar_Freeway-v1/rule_periodic_k1/lam0.01/seed4_final.csv
MinAtar_Freeway-v1,MinAtar/Freeway-v1,rule_periodic_k1,0.01,5,규칙(지문없음),-0.12,9.88,1000.0,0.0,1000.0,50,0.0,0,results/raw/MinAtar_Freeway-v1/rule_periodic_k1/lam0.01/seed5_final.csv
MinAtar_Freeway-v1,MinAtar/Freeway-v1,rule_periodic_k1,0.01,6,규칙(지문없음),-0.48,9.52,1000.0,0.0,1000.0,50,0.0,0,results/raw/MinAtar_Freeway-v1/rule_periodic_k1/lam0.01/seed6_final.csv
MinAtar_Freeway-v1,MinAtar/Freeway-v1,rule_periodic_k1,0.01,7,규칙(지문없음),-0.08,9.92,1000.0,0.0,1000.0,50,0.0,0,results/raw/MinAtar_Freeway-v1/rule_periodic_k1/lam0.01/seed7_final.csv
MinAtar_Freeway-v1,MinAtar/Freeway-v1,rule_periodic_k1,0.01,8,규칙(지문없음),0.08,10.08,1000.0,0.0,1000.0,50,0.0,0,results/raw/MinAtar_Freeway-v1/rule_periodic_k1/lam0.01/seed8_final.csv
MinAtar_Freeway-v1,MinAtar/Freeway-v1,rule_periodic_k1,0.01,9,규칙(지문없음),-0.32,9.68,1000.0,0.0,1000.0,50,0.003,0,results/raw/MinAtar_Freeway-v1/rule_periodic_k1/lam0.01/seed9_final.csv
MinAtar_Freeway-v1,MinAtar/Freeway-v1,rule_periodic_k1,0.02,0,규칙(지문없음),-9.66,10.34,1000.0,0.0,1000.0,50,0.0,0,results/raw/MinAtar_Freeway-v1/rule_periodic_k1/lam0.02/seed0_final.csv
MinAtar_Freeway-v1,MinAtar/Freeway-v1,rule_periodic_k1,0.02,1,규칙(지문없음),-9.98,10.02,1000.0,0.0,1000.0,50,0.0,0,results/raw/MinAtar_Freeway-v1/rule_periodic_k1/lam0.02/seed1_final.csv
MinAtar_Freeway-v1,MinAtar/Freeway-v1,rule_periodic_k1,0.02,2,규칙(지문없음),-9.92,10.08,1000.0,0.0,1000.0,50,0.0,0,results/raw/MinAtar_Freeway-v1/rule_periodic_k1/lam0.02/seed2_final.csv
MinAtar_Freeway-v1,MinAtar/Freeway-v1,rule_periodic_k1,0.02,3,규칙(지문없음),-10.28,9.72,1000.0,0.0,1000.0,50,0.0,0,results/raw/MinAtar_Freeway-v1/rule_periodic_k1/lam0.02/seed3_final.csv
MinAtar_Freeway-v1,MinAtar/Freeway-v1,rule_periodic_k1,0.02,4,규칙(지문없음),-10.24,9.76,1000.0,0.0,1000.0,50,0.0,0,results/raw/MinAtar_Freeway-v1/rule_periodic_k1/lam0.02/seed4_final.csv
MinAtar_Freeway-v1,MinAtar/Freeway-v1,rule_periodic_k1,0.02,5,규칙(지문없음),-10.12,9.88,1000.0,0.0,1000.0,50,0.0,0,results/raw/MinAtar_Freeway-v1/rule_periodic_k1/lam0.02/seed5_final.csv
MinAtar_Freeway-v1,MinAtar/Freeway-v1,rule_periodic_k1,0.02,6,규칙(지문없음),-10.48,9.52,1000.0,0.0,1000.0,50,0.0,0,results/raw/MinAtar_Freeway-v1/rule_periodic_k1/lam0.02/seed6_final.csv
MinAtar_Freeway-v1,MinAtar/Freeway-v1,rule_periodic_k1,0.02,7,규칙(지문없음),-10.08,9.92,1000.0,0.0,1000.0,50,0.0,0,results/raw/MinAtar_Freeway-v1/rule_periodic_k1/lam0.02/seed7_final.csv
MinAtar_Freeway-v1,MinAtar/Freeway-v1,rule_periodic_k1,0.02,8,규칙(지문없음),-9.92,10.08,1000.0,0.0,1000.0,50,0.0,0,results/raw/MinAtar_Freeway-v1/rule_periodic_k1/lam0.02/seed8_final.csv
MinAtar_Freeway-v1,MinAtar/Freeway-v1,rule_periodic_k1,0.02,9,규칙(지문없음),-10.32,9.68,1000.0,0.0,1000.0,50,0.0,0,results/raw/MinAtar_Freeway-v1/rule_periodic_k1/lam0.02/seed9_final.csv
MinAtar_Freeway-v1,MinAtar/Freeway-v1,rule_periodic_k1,0.04,0,규칙(지문없음),-29.66,10.34,1000.0,0.0,1000.0,50,0.0,0,results/raw/MinAtar_Freeway-v1/rule_periodic_k1/lam0.04/seed0_final.csv
MinAtar_Freeway-v1,MinAtar/Freeway-v1,rule_periodic_k1,0.04,1,규칙(지문없음),-29.98,10.02,1000.0,0.0,1000.0,50,0.0,0,results/raw/MinAtar_Freeway-v1/rule_periodic_k1/lam0.04/seed1_final.csv
MinAtar_Freeway-v1,MinAtar/Freeway-v1,rule_periodic_k1,0.04,2,규칙(지문없음),-29.92,10.08,1000.0,0.0,1000.0,50,0.0,0,results/raw/MinAtar_Freeway-v1/rule_periodic_k1/lam0.04/seed2_final.csv
MinAtar_Freeway-v1,MinAtar/Freeway-v1,rule_periodic_k1,0.04,3,규칙(지문없음),-30.28,9.72,1000.0,0.0,1000.0,50,0.0,0,results/raw/MinAtar_Freeway-v1/rule_periodic_k1/lam0.04/seed3_final.csv
MinAtar_Freeway-v1,MinAtar/Freeway-v1,rule_periodic_k1,0.04,4,규칙(지문없음),-30.24,9.76,1000.0,0.0,1000.0,50,0.002,0,results/raw/MinAtar_Freeway-v1/rule_periodic_k1/lam0.04/seed4_final.csv
MinAtar_Freeway-v1,MinAtar/Freeway-v1,rule_periodic_k1,0.04,5,규칙(지문없음),-30.12,9.88,1000.0,0.0,1000.0,50,0.0,0,results/raw/MinAtar_Freeway-v1/rule_periodic_k1/lam0.04/seed5_final.csv
MinAtar_Freeway-v1,MinAtar/Freeway-v1,rule_periodic_k1,0.04,6,규칙(지문없음),-30.48,9.52,1000.0,0.0,1000.0,50,0.0,0,results/raw/MinAtar_Freeway-v1/rule_periodic_k1/lam0.04/seed6_final.csv
MinAtar_Freeway-v1,MinAtar/Freeway-v1,rule_periodic_k1,0.04,7,규칙(지문없음),-30.08,9.92,1000.0,0.0,1000.0,50,0.0,0,results/raw/MinAtar_Freeway-v1/rule_periodic_k1/lam0.04/seed7_final.csv
MinAtar_Freeway-v1,MinAtar/Freeway-v1,rule_periodic_k1,0.04,8,규칙(지문없음),-29.92,10.08,1000.0,0.0,1000.0,50,0.0,0,results/raw/MinAtar_Freeway-v1/rule_periodic_k1/lam0.04/seed8_final.csv
MinAtar_Freeway-v1,MinAtar/Freeway-v1,rule_periodic_k1,0.04,9,규칙(지문없음),-30.32,9.68,1000.0,0.0,1000.0,50,0.0,0,results/raw/MinAtar_Freeway-v1/rule_periodic_k1/lam0.04/seed9_final.csv
MinAtar_Freeway-v1,MinAtar/Freeway-v1,rule_periodic_k1,0.06,0,규칙(지문없음),-49.66,10.34,1000.0,0.0,1000.0,50,0.0,0,results/raw/MinAtar_Freeway-v1/rule_periodic_k1/lam0.06/seed0_final.csv
MinAtar_Freeway-v1,MinAtar/Freeway-v1,rule_periodic_k1,0.06,1,규칙(지문없음),-49.98,10.02,1000.0,0.0,1000.0,50,0.0,0,results/raw/MinAtar_Freeway-v1/rule_periodic_k1/lam0.06/seed1_final.csv
MinAtar_Freeway-v1,MinAtar/Freeway-v1,rule_periodic_k1,0.06,2,규칙(지문없음),-49.92,10.08,1000.0,0.0,1000.0,50,0.0,0,results/raw/MinAtar_Freeway-v1/rule_periodic_k1/lam0.06/seed2_final.csv
MinAtar_Freeway-v1,MinAtar/Freeway-v1,rule_periodic_k1,0.06,3,규칙(지문없음),-50.28,9.72,1000.0,0.0,1000.0,50,0.002,0,results/raw/MinAtar_Freeway-v1/rule_periodic_k1/lam0.06/seed3_final.csv
MinAtar_Freeway-v1,MinAtar/Freeway-v1,rule_periodic_k1,0.06,4,규칙(지문없음),-50.24,9.76,1000.0,0.0,1000.0,50,0.0,0,results/raw/MinAtar_Freeway-v1/rule_periodic_k1/lam0.06/seed4_final.csv
MinAtar_Freeway-v1,MinAtar/Freeway-v1,rule_periodic_k1,0.06,5,규칙(지문없음),-50.12,9.88,1000.0,0.0,1000.0,50,0.0,0,results/raw/MinAtar_Freeway-v1/rule_periodic_k1/lam0.06/seed5_final.csv
MinAtar_Freeway-v1,MinAtar/Freeway-v1,rule_periodic_k1,0.06,6,규칙(지문없음),-50.48,9.52,1000.0,0.0,1000.0,50,0.0,0,results/raw/MinAtar_Freeway-v1/rule_periodic_k1/lam0.06/seed6_final.csv
MinAtar_Freeway-v1,MinAtar/Freeway-v1,rule_periodic_k1,0.06,7,규칙(지문없음),-50.08,9.92,1000.0,0.0,1000.0,50,0.0,0,results/raw/MinAtar_Freeway-v1/rule_periodic_k1/lam0.06/seed7_final.csv
MinAtar_Freeway-v1,MinAtar/Freeway-v1,rule_periodic_k1,0.06,8,규칙(지문없음),-49.92,10.08,1000.0,0.0,1000.0,50,0.0,0,results/raw/MinAtar_Freeway-v1/rule_periodic_k1/lam0.06/seed8_final.csv
MinAtar_Freeway-v1,MinAtar/Freeway-v1,rule_periodic_k1,0.06,9,규칙(지문없음),-50.32,9.68,1000.0,0.0,1000.0,50,0.0,0,results/raw/MinAtar_Freeway-v1/rule_periodic_k1/lam0.06/seed9_final.csv
MinAtar_Freeway-v1,MinAtar/Freeway-v1,rule_periodic_k3,0.0,0,규칙(지문없음),10.34,10.34,334.0,0.0,1000.0,50,0.002,0,results/raw/MinAtar_Freeway-v1/rule_periodic_k3/lam0.0/seed0_final.csv
MinAtar_Freeway-v1,MinAtar/Freeway-v1,rule_periodic_k3,0.0,1,규칙(지문없음),10.02,10.02,334.0,0.0,1000.0,50,0.0,0,results/raw/MinAtar_Freeway-v1/rule_periodic_k3/lam0.0/seed1_final.csv
MinAtar_Freeway-v1,MinAtar/Freeway-v1,rule_periodic_k3,0.0,2,규칙(지문없음),10.08,10.08,334.0,0.0,1000.0,50,0.0,0,results/raw/MinAtar_Freeway-v1/rule_periodic_k3/lam0.0/seed2_final.csv
MinAtar_Freeway-v1,MinAtar/Freeway-v1,rule_periodic_k3,0.0,3,규칙(지문없음),9.72,9.72,334.0,0.0,1000.0,50,0.0,0,results/raw/MinAtar_Freeway-v1/rule_periodic_k3/lam0.0/seed3_final.csv
MinAtar_Freeway-v1,MinAtar/Freeway-v1,rule_periodic_k3,0.0,4,규칙(지문없음),9.76,9.76,334.0,0.0,1000.0,50,0.0,0,results/raw/MinAtar_Freeway-v1/rule_periodic_k3/lam0.0/seed4_final.csv
MinAtar_Freeway-v1,MinAtar/Freeway-v1,rule_periodic_k3,0.0,5,규칙(지문없음),9.88,9.88,334.0,0.0,1000.0,50,0.0,0,results/raw/MinAtar_Freeway-v1/rule_periodic_k3/lam0.0/seed5_final.csv
MinAtar_Freeway-v1,MinAtar/Freeway-v1,rule_periodic_k3,0.0,6,규칙(지문없음),9.52,9.52,334.0,0.0,1000.0,50,0.0,0,results/raw/MinAtar_Freeway-v1/rule_periodic_k3/lam0.0/seed6_final.csv
MinAtar_Freeway-v1,MinAtar/Freeway-v1,rule_periodic_k3,0.0,7,규칙(지문없음),9.92,9.92,334.0,0.0,1000.0,50,0.0,0,results/raw/MinAtar_Freeway-v1/rule_periodic_k3/lam0.0/seed7_final.csv
MinAtar_Freeway-v1,MinAtar/Freeway-v1,rule_periodic_k3,0.0,8,규칙(지문없음),10.08,10.08,334.0,0.0,1000.0,50,0.0,0,results/raw/MinAtar_Freeway-v1/rule_periodic_k3/lam0.0/seed8_final.csv
MinAtar_Freeway-v1,MinAtar/Freeway-v1,rule_periodic_k3,0.0,9,규칙(지문없음),9.68,9.68,334.0,0.0,1000.0,50,0.0,0,results/raw/MinAtar_Freeway-v1/rule_periodic_k3/lam0.0/seed9_final.csv
MinAtar_Freeway-v1,MinAtar/Freeway-v1,rule_periodic_k3,0.005,0,규칙(지문없음),8.669999999999998,10.34,334.0,0.0,1000.0,50,0.0,0,results/raw/MinAtar_Freeway-v1/rule_periodic_k3/lam0.005/seed0_final.csv
MinAtar_Freeway-v1,MinAtar/Freeway-v1,rule_periodic_k3,0.005,1,규칙(지문없음),8.349999999999998,10.02,334.0,0.0,1000.0,50,0.0,0,results/raw/MinAtar_Freeway-v1/rule_periodic_k3/lam0.005/seed1_final.csv
MinAtar_Freeway-v1,MinAtar/Freeway-v1,rule_periodic_k3,0.005,2,규칙(지문없음),8.409999999999998,10.08,334.0,0.0,1000.0,50,0.0,0,results/raw/MinAtar_Freeway-v1/rule_periodic_k3/lam0.005/seed2_final.csv
MinAtar_Freeway-v1,MinAtar/Freeway-v1,rule_periodic_k3,0.005,3,규칙(지문없음),8.05,9.72,334.0,0.0,1000.0,50,0.0,0,results/raw/MinAtar_Freeway-v1/rule_periodic_k3/lam0.005/seed3_final.csv
MinAtar_Freeway-v1,MinAtar/Freeway-v1,rule_periodic_k3,0.005,4,규칙(지문없음),8.089999999999998,9.76,334.0,0.0,1000.0,50,0.0,0,results/raw/MinAtar_Freeway-v1/rule_periodic_k3/lam0.005/seed4_final.csv
MinAtar_Freeway-v1,MinAtar/Freeway-v1,rule_periodic_k3,0.005,5,규칙(지문없음),8.209999999999999,9.88,334.0,0.0,1000.0,50,0.0,0,results/raw/MinAtar_Freeway-v1/rule_periodic_k3/lam0.005/seed5_final.csv
MinAtar_Freeway-v1,MinAtar/Freeway-v1,rule_periodic_k3,0.005,6,규칙(지문없음),7.849999999999998,9.52,334.0,0.0,1000.0,50,0.0,0,results/raw/MinAtar_Freeway-v1/rule_periodic_k3/lam0.005/seed6_final.csv
MinAtar_Freeway-v1,MinAtar/Freeway-v1,rule_periodic_k3,0.005,7,규칙(지문없음),8.249999999999998,9.92,334.0,0.0,1000.0,50,0.0,0,results/raw/MinAtar_Freeway-v1/rule_periodic_k3/lam0.005/seed7_final.csv
MinAtar_Freeway-v1,MinAtar/Freeway-v1,rule_periodic_k3,0.005,8,규칙(지문없음),8.409999999999998,10.08,334.0,0.0,1000.0,50,0.0,0,results/raw/MinAtar_Freeway-v1/rule_periodic_k3/lam0.005/seed8_final.csv
MinAtar_Freeway-v1,MinAtar/Freeway-v1,rule_periodic_k3,0.005,9,규칙(지문없음),8.009999999999998,9.68,334.0,0.0,1000.0,50,0.0,0,results/raw/MinAtar_Freeway-v1/rule_periodic_k3/lam0.005/seed9_final.csv
MinAtar_Freeway-v1,MinAtar/Freeway-v1,rule_periodic_k3,0.01,0,규칙(지문없음),7.0,10.34,334.0,0.0,1000.0,50,0.0,0,results/raw/MinAtar_Freeway-v1/rule_periodic_k3/lam0.01/seed0_final.csv
MinAtar_Freeway-v1,MinAtar/Freeway-v1,rule_periodic_k3,0.01,1,규칙(지문없음),6.68,10.02,334.0,0.0,1000.0,50,0.0,0,results/raw/MinAtar_Freeway-v1/rule_periodic_k3/lam0.01/seed1_final.csv
MinAtar_Freeway-v1,MinAtar/Freeway-v1,rule_periodic_k3,0.01,2,규칙(지문없음),6.74,10.08,334.0,0.0,1000.0,50,0.0,0,results/raw/MinAtar_Freeway-v1/rule_periodic_k3/lam0.01/seed2_final.csv
MinAtar_Freeway-v1,MinAtar/Freeway-v1,rule_periodic_k3,0.01,3,규칙(지문없음),6.38,9.72,334.0,0.0,1000.0,50,0.0,0,results/raw/MinAtar_Freeway-v1/rule_periodic_k3/lam0.01/seed3_final.csv
MinAtar_Freeway-v1,MinAtar/Freeway-v1,rule_periodic_k3,0.01,4,규칙(지문없음),6.42,9.76,334.0,0.0,1000.0,50,0.0,0,results/raw/MinAtar_Freeway-v1/rule_periodic_k3/lam0.01/seed4_final.csv
MinAtar_Freeway-v1,MinAtar/Freeway-v1,rule_periodic_k3,0.01,5,규칙(지문없음),6.54,9.88,334.0,0.0,1000.0,50,0.0,0,results/raw/MinAtar_Freeway-v1/rule_periodic_k3/lam0.01/seed5_final.csv
MinAtar_Freeway-v1,MinAtar/Freeway-v1,rule_periodic_k3,0.01,6,규칙(지문없음),6.18,9.52,334.0,0.0,1000.0,50,0.0,0,results/raw/MinAtar_Freeway-v1/rule_periodic_k3/lam0.01/seed6_final.csv
MinAtar_Freeway-v1,MinAtar/Freeway-v1,rule_periodic_k3,0.01,7,규칙(지문없음),6.58,9.92,334.0,0.0,1000.0,50,0.0,0,results/raw/MinAtar_Freeway-v1/rule_periodic_k3/lam0.01/seed7_final.csv
MinAtar_Freeway-v1,MinAtar/Freeway-v1,rule_periodic_k3,0.01,8,규칙(지문없음),6.74,10.08,334.0,0.0,1000.0,50,0.0,0,results/raw/MinAtar_Freeway-v1/rule_periodic_k3/lam0.01/seed8_final.csv
MinAtar_Freeway-v1,MinAtar/Freeway-v1,rule_periodic_k3,0.01,9,규칙(지문없음),6.34,9.68,334.0,0.0,1000.0,50,0.0,0,results/raw/MinAtar_Freeway-v1/rule_periodic_k3/lam0.01/seed9_final.csv
MinAtar_Freeway-v1,MinAtar/Freeway-v1,rule_periodic_k3,0.02,0,규칙(지문없음),3.66,10.34,334.0,0.0,1000.0,50,0.0,0,results/raw/MinAtar_Freeway-v1/rule_periodic_k3/lam0.02/seed0_final.csv
MinAtar_Freeway-v1,MinAtar/Freeway-v1,rule_periodic_k3,0.02,1,규칙(지문없음),3.34,10.02,334.0,0.0,1000.0,50,0.0,0,results/raw/MinAtar_Freeway-v1/rule_periodic_k3/lam0.02/seed1_final.csv
MinAtar_Freeway-v1,MinAtar/Freeway-v1,rule_periodic_k3,0.02,2,규칙(지문없음),3.4,10.08,334.0,0.0,1000.0,50,0.0,0,results/raw/MinAtar_Freeway-v1/rule_periodic_k3/lam0.02/seed2_final.csv
MinAtar_Freeway-v1,MinAtar/Freeway-v1,rule_periodic_k3,0.02,3,규칙(지문없음),3.04,9.72,334.0,0.0,1000.0,50,0.0,0,results/raw/MinAtar_Freeway-v1/rule_periodic_k3/lam0.02/seed3_final.csv
MinAtar_Freeway-v1,MinAtar/Freeway-v1,rule_periodic_k3,0.02,4,규칙(지문없음),3.08,9.76,334.0,0.0,1000.0,50,0.0,0,results/raw/MinAtar_Freeway-v1/rule_periodic_k3/lam0.02/seed4_final.csv
MinAtar_Freeway-v1,MinAtar/Freeway-v1,rule_periodic_k3,0.02,5,규칙(지문없음),3.2,9.88,334.0,0.0,1000.0,50,0.0,0,results/raw/MinAtar_Freeway-v1/rule_periodic_k3/lam0.02/seed5_final.csv
MinAtar_Freeway-v1,MinAtar/Freeway-v1,rule_periodic_k3,0.02,6,규칙(지문없음),2.84,9.52,334.0,0.0,1000.0,50,0.0,0,results/raw/MinAtar_Freeway-v1/rule_periodic_k3/lam0.02/seed6_final.csv
MinAtar_Freeway-v1,MinAtar/Freeway-v1,rule_periodic_k3,0.02,7,규칙(지문없음),3.24,9.92,334.0,0.0,1000.0,50,0.0,0,results/raw/MinAtar_Freeway-v1/rule_periodic_k3/lam0.02/seed7_final.csv
MinAtar_Freeway-v1,MinAtar/Freeway-v1,rule_periodic_k3,0.02,8,규칙(지문없음),3.4,10.08,334.0,0.0,1000.0,50,0.158,0,results/raw/MinAtar_Freeway-v1/rule_periodic_k3/lam0.02/seed8_final.csv
MinAtar_Freeway-v1,MinAtar/Freeway-v1,rule_periodic_k3,0.02,9,규칙(지문없음),3.0,9.68,334.0,0.0,1000.0,50,0.0,0,results/raw/MinAtar_Freeway-v1/rule_periodic_k3/lam0.02/seed9_final.csv
MinAtar_Freeway-v1,MinAtar/Freeway-v1,rule_periodic_k3,0.04,0,규칙(지문없음),-3.02,10.34,334.0,0.0,1000.0,50,0.0,0,results/raw/MinAtar_Freeway-v1/rule_periodic_k3/lam0.04/seed0_final.csv
MinAtar_Freeway-v1,MinAtar/Freeway-v1,rule_periodic_k3,0.04,1,규칙(지문없음),-3.34,10.02,334.0,0.0,1000.0,50,0.0,0,results/raw/MinAtar_Freeway-v1/rule_periodic_k3/lam0.04/seed1_final.csv
MinAtar_Freeway-v1,MinAtar/Freeway-v1,rule_periodic_k3,0.04,2,규칙(지문없음),-3.28,10.08,334.0,0.0,1000.0,50,0.0,0,results/raw/MinAtar_Freeway-v1/rule_periodic_k3/lam0.04/seed2_final.csv
MinAtar_Freeway-v1,MinAtar/Freeway-v1,rule_periodic_k3,0.04,3,규칙(지문없음),-3.64,9.72,334.0,0.0,1000.0,50,0.0,0,results/raw/MinAtar_Freeway-v1/rule_periodic_k3/lam0.04/seed3_final.csv
MinAtar_Freeway-v1,MinAtar/Freeway-v1,rule_periodic_k3,0.04,4,규칙(지문없음),-3.6,9.76,334.0,0.0,1000.0,50,0.0,0,results/raw/MinAtar_Freeway-v1/rule_periodic_k3/lam0.04/seed4_final.csv
MinAtar_Freeway-v1,MinAtar/Freeway-v1,rule_periodic_k3,0.04,5,규칙(지문없음),-3.48,9.88,334.0,0.0,1000.0,50,0.0,0,results/raw/MinAtar_Freeway-v1/rule_periodic_k3/lam0.04/seed5_final.csv
MinAtar_Freeway-v1,MinAtar/Freeway-v1,rule_periodic_k3,0.04,6,규칙(지문없음),-3.839999999999999,9.52,334.0,0.0,1000.0,50,0.0,0,results/raw/MinAtar_Freeway-v1/rule_periodic_k3/lam0.04/seed6_final.csv
MinAtar_Freeway-v1,MinAtar/Freeway-v1,rule_periodic_k3,0.04,7,규칙(지문없음),-3.439999999999999,9.92,334.0,0.0,1000.0,50,0.002,0,results/raw/MinAtar_Freeway-v1/rule_periodic_k3/lam0.04/seed7_final.csv
MinAtar_Freeway-v1,MinAtar/Freeway-v1,rule_periodic_k3,0.04,8,규칙(지문없음),-3.279999999999999,10.08,334.0,0.0,1000.0,50,0.0,0,results/raw/MinAtar_Freeway-v1/rule_periodic_k3/lam0.04/seed8_final.csv
MinAtar_Freeway-v1,MinAtar/Freeway-v1,rule_periodic_k3,0.04,9,규칙(지문없음),-3.6799999999999993,9.68,334.0,0.0,1000.0,50,0.0,0,results/raw/MinAtar_Freeway-v1/rule_periodic_k3/lam0.04/seed9_final.csv
MinAtar_Freeway-v1,MinAtar/Freeway-v1,rule_periodic_k3,0.06,0,규칙(지문없음),-9.7,10.34,334.0,0.0,1000.0,50,0.0,0,results/raw/MinAtar_Freeway-v1/rule_periodic_k3/lam0.06/seed0_final.csv
MinAtar_Freeway-v1,MinAtar/Freeway-v1,rule_periodic_k3,0.06,1,규칙(지문없음),-10.02,10.02,334.0,0.0,1000.0,50,0.0,0,results/raw/MinAtar_Freeway-v1/rule_periodic_k3/lam0.06/seed1_final.csv
MinAtar_Freeway-v1,MinAtar/Freeway-v1,rule_periodic_k3,0.06,2,규칙(지문없음),-9.96,10.08,334.0,0.0,1000.0,50,0.0,0,results/raw/MinAtar_Freeway-v1/rule_periodic_k3/lam0.06/seed2_final.csv
MinAtar_Freeway-v1,MinAtar/Freeway-v1,rule_periodic_k3,0.06,3,규칙(지문없음),-10.319999999999999,9.72,334.0,0.0,1000.0,50,0.0,0,results/raw/MinAtar_Freeway-v1/rule_periodic_k3/lam0.06/seed3_final.csv
MinAtar_Freeway-v1,MinAtar/Freeway-v1,rule_periodic_k3,0.06,4,규칙(지문없음),-10.28,9.76,334.0,0.0,1000.0,50,0.001,0,results/raw/MinAtar_Freeway-v1/rule_periodic_k3/lam0.06/seed4_final.csv
MinAtar_Freeway-v1,MinAtar/Freeway-v1,rule_periodic_k3,0.06,5,규칙(지문없음),-10.16,9.88,334.0,0.0,1000.0,50,0.0,0,results/raw/MinAtar_Freeway-v1/rule_periodic_k3/lam0.06/seed5_final.csv
MinAtar_Freeway-v1,MinAtar/Freeway-v1,rule_periodic_k3,0.06,6,규칙(지문없음),-10.519999999999998,9.52,334.0,0.0,1000.0,50,0.0,0,results/raw/MinAtar_Freeway-v1/rule_periodic_k3/lam0.06/seed6_final.csv
MinAtar_Freeway-v1,MinAtar/Freeway-v1,rule_periodic_k3,0.06,7,규칙(지문없음),-10.12,9.92,334.0,0.0,1000.0,50,0.0,0,results/raw/MinAtar_Freeway-v1/rule_periodic_k3/lam0.06/seed7_final.csv
MinAtar_Freeway-v1,MinAtar/Freeway-v1,rule_periodic_k3,0.06,8,규칙(지문없음),-9.96,10.08,334.0,0.0,1000.0,50,0.0,0,results/raw/MinAtar_Freeway-v1/rule_periodic_k3/lam0.06/seed8_final.csv
MinAtar_Freeway-v1,MinAtar/Freeway-v1,rule_periodic_k3,0.06,9,규칙(지문없음),-10.359999999999998,9.68,334.0,0.0,1000.0,50,0.002,0,results/raw/MinAtar_Freeway-v1/rule_periodic_k3/lam0.06/seed9_final.csv
MinAtar_Freeway-v1,MinAtar/Freeway-v1,rule_periodic_k8,0.0,0,규칙(지문없음),0.36,0.36,125.0,0.0,1000.0,50,0.0,0,results/raw/MinAtar_Freeway-v1/rule_periodic_k8/lam0.0/seed0_final.csv
MinAtar_Freeway-v1,MinAtar/Freeway-v1,rule_periodic_k8,0.0,1,규칙(지문없음),0.28,0.28,125.0,0.0,1000.0,50,0.0,0,results/raw/MinAtar_Freeway-v1/rule_periodic_k8/lam0.0/seed1_final.csv
MinAtar_Freeway-v1,MinAtar/Freeway-v1,rule_periodic_k8,0.0,2,규칙(지문없음),0.24,0.24,125.0,0.0,1000.0,50,0.0,0,results/raw/MinAtar_Freeway-v1/rule_periodic_k8/lam0.0/seed2_final.csv
MinAtar_Freeway-v1,MinAtar/Freeway-v1,rule_periodic_k8,0.0,3,규칙(지문없음),0.36,0.36,125.0,0.0,1000.0,50,0.0,0,results/raw/MinAtar_Freeway-v1/rule_periodic_k8/lam0.0/seed3_final.csv
MinAtar_Freeway-v1,MinAtar/Freeway-v1,rule_periodic_k8,0.0,4,규칙(지문없음),0.36,0.36,125.0,0.0,1000.0,50,0.0,0,results/raw/MinAtar_Freeway-v1/rule_periodic_k8/lam0.0/seed4_final.csv
MinAtar_Freeway-v1,MinAtar/Freeway-v1,rule_periodic_k8,0.0,5,규칙(지문없음),0.28,0.28,125.0,0.0,1000.0,50,0.0,0,results/raw/MinAtar_Freeway-v1/rule_periodic_k8/lam0.0/seed5_final.csv
MinAtar_Freeway-v1,MinAtar/Freeway-v1,rule_periodic_k8,0.0,6,규칙(지문없음),0.42,0.42,125.0,0.0,1000.0,50,0.0,0,results/raw/MinAtar_Freeway-v1/rule_periodic_k8/lam0.0/seed6_final.csv
MinAtar_Freeway-v1,MinAtar/Freeway-v1,rule_periodic_k8,0.0,7,규칙(지문없음),0.44,0.44,125.0,0.0,1000.0,50,0.0,0,results/raw/MinAtar_Freeway-v1/rule_periodic_k8/lam0.0/seed7_final.csv
MinAtar_Freeway-v1,MinAtar/Freeway-v1,rule_periodic_k8,0.0,8,규칙(지문없음),0.38,0.38,125.0,0.0,1000.0,50,0.0,0,results/raw/MinAtar_Freeway-v1/rule_periodic_k8/lam0.0/seed8_final.csv
MinAtar_Freeway-v1,MinAtar/Freeway-v1,rule_periodic_k8,0.0,9,규칙(지문없음),0.32,0.32,125.0,0.0,1000.0,50,0.0,0,results/raw/MinAtar_Freeway-v1/rule_periodic_k8/lam0.0/seed9_final.csv
MinAtar_Freeway-v1,MinAtar/Freeway-v1,rule_periodic_k8,0.005,0,규칙(지문없음),-0.265,0.36,125.0,0.0,1000.0,50,0.0,0,results/raw/MinAtar_Freeway-v1/rule_periodic_k8/lam0.005/seed0_final.csv
MinAtar_Freeway-v1,MinAtar/Freeway-v1,rule_periodic_k8,0.005,1,규칙(지문없음),-0.345,0.28,125.0,0.0,1000.0,50,0.0,0,results/raw/MinAtar_Freeway-v1/rule_periodic_k8/lam0.005/seed1_final.csv
MinAtar_Freeway-v1,MinAtar/Freeway-v1,rule_periodic_k8,0.005,2,규칙(지문없음),-0.385,0.24,125.0,0.0,1000.0,50,0.001,0,results/raw/MinAtar_Freeway-v1/rule_periodic_k8/lam0.005/seed2_final.csv
MinAtar_Freeway-v1,MinAtar/Freeway-v1,rule_periodic_k8,0.005,3,규칙(지문없음),-0.265,0.36,125.0,0.0,1000.0,50,0.0,0,results/raw/MinAtar_Freeway-v1/rule_periodic_k8/lam0.005/seed3_final.csv
MinAtar_Freeway-v1,MinAtar/Freeway-v1,rule_periodic_k8,0.005,4,규칙(지문없음),-0.265,0.36,125.0,0.0,1000.0,50,0.0,0,results/raw/MinAtar_Freeway-v1/rule_periodic_k8/lam0.005/seed4_final.csv
MinAtar_Freeway-v1,MinAtar/Freeway-v1,rule_periodic_k8,0.005,5,규칙(지문없음),-0.345,0.28,125.0,0.0,1000.0,50,0.0,0,results/raw/MinAtar_Freeway-v1/rule_periodic_k8/lam0.005/seed5_final.csv
MinAtar_Freeway-v1,MinAtar/Freeway-v1,rule_periodic_k8,0.005,6,규칙(지문없음),-0.205,0.42,125.0,0.0,1000.0,50,0.002,0,results/raw/MinAtar_Freeway-v1/rule_periodic_k8/lam0.005/seed6_final.csv
MinAtar_Freeway-v1,MinAtar/Freeway-v1,rule_periodic_k8,0.005,7,규칙(지문없음),-0.185,0.44,125.0,0.0,1000.0,50,0.0,0,results/raw/MinAtar_Freeway-v1/rule_periodic_k8/lam0.005/seed7_final.csv
MinAtar_Freeway-v1,MinAtar/Freeway-v1,rule_periodic_k8,0.005,8,규칙(지문없음),-0.245,0.38,125.0,0.0,1000.0,50,0.0,0,results/raw/MinAtar_Freeway-v1/rule_periodic_k8/lam0.005/seed8_final.csv
MinAtar_Freeway-v1,MinAtar/Freeway-v1,rule_periodic_k8,0.005,9,규칙(지문없음),-0.305,0.32,125.0,0.0,1000.0,50,0.0,0,results/raw/MinAtar_Freeway-v1/rule_periodic_k8/lam0.005/seed9_final.csv
MinAtar_Freeway-v1,MinAtar/Freeway-v1,rule_periodic_k8,0.01,0,규칙(지문없음),-0.89,0.36,125.0,0.0,1000.0,50,0.0,0,results/raw/MinAtar_Freeway-v1/rule_periodic_k8/lam0.01/seed0_final.csv
MinAtar_Freeway-v1,MinAtar/Freeway-v1,rule_periodic_k8,0.01,1,규칙(지문없음),-0.97,0.28,125.0,0.0,1000.0,50,0.0,0,results/raw/MinAtar_Freeway-v1/rule_periodic_k8/lam0.01/seed1_final.csv
MinAtar_Freeway-v1,MinAtar/Freeway-v1,rule_periodic_k8,0.01,2,규칙(지문없음),-1.01,0.24,125.0,0.0,1000.0,50,0.0,0,results/raw/MinAtar_Freeway-v1/rule_periodic_k8/lam0.01/seed2_final.csv
MinAtar_Freeway-v1,MinAtar/Freeway-v1,rule_periodic_k8,0.01,3,규칙(지문없음),-0.89,0.36,125.0,0.0,1000.0,50,0.0,0,results/raw/MinAtar_Freeway-v1/rule_periodic_k8/lam0.01/seed3_final.csv
MinAtar_Freeway-v1,MinAtar/Freeway-v1,rule_periodic_k8,0.01,4,규칙(지문없음),-0.89,0.36,125.0,0.0,1000.0,50,0.0,0,results/raw/MinAtar_Freeway-v1/rule_periodic_k8/lam0.01/seed4_final.csv
MinAtar_Freeway-v1,MinAtar/Freeway-v1,rule_periodic_k8,0.01,5,규칙(지문없음),-0.97,0.28,125.0,0.0,1000.0,50,0.0,0,results/raw/MinAtar_Freeway-v1/rule_periodic_k8/lam0.01/seed5_final.csv
MinAtar_Freeway-v1,MinAtar/Freeway-v1,rule_periodic_k8,0.01,6,규칙(지문없음),-0.83,0.42,125.0,0.0,1000.0,50,0.0,0,results/raw/MinAtar_Freeway-v1/rule_periodic_k8/lam0.01/seed6_final.csv
MinAtar_Freeway-v1,MinAtar/Freeway-v1,rule_periodic_k8,0.01,7,규칙(지문없음),-0.81,0.44,125.0,0.0,1000.0,50,0.0,0,results/raw/MinAtar_Freeway-v1/rule_periodic_k8/lam0.01/seed7_final.csv
MinAtar_Freeway-v1,MinAtar/Freeway-v1,rule_periodic_k8,0.01,8,규칙(지문없음),-0.87,0.38,125.0,0.0,1000.0,50,0.0,0,results/raw/MinAtar_Freeway-v1/rule_periodic_k8/lam0.01/seed8_final.csv
MinAtar_Freeway-v1,MinAtar/Freeway-v1,rule_periodic_k8,0.01,9,규칙(지문없음),-0.93,0.32,125.0,0.0,1000.0,50,0.0,0,results/raw/MinAtar_Freeway-v1/rule_periodic_k8/lam0.01/seed9_final.csv
MinAtar_Freeway-v1,MinAtar/Freeway-v1,rule_periodic_k8,0.02,0,규칙(지문없음),-2.14,0.36,125.0,0.0,1000.0,50,0.0,0,results/raw/MinAtar_Freeway-v1/rule_periodic_k8/lam0.02/seed0_final.csv
MinAtar_Freeway-v1,MinAtar/Freeway-v1,rule_periodic_k8,0.02,1,규칙(지문없음),-2.22,0.28,125.0,0.0,1000.0,50,0.0,0,results/raw/MinAtar_Freeway-v1/rule_periodic_k8/lam0.02/seed1_final.csv
MinAtar_Freeway-v1,MinAtar/Freeway-v1,rule_periodic_k8,0.02,2,규칙(지문없음),-2.26,0.24,125.0,0.0,1000.0,50,0.0,0,results/raw/MinAtar_Freeway-v1/rule_periodic_k8/lam0.02/seed2_final.csv
MinAtar_Freeway-v1,MinAtar/Freeway-v1,rule_periodic_k8,0.02,3,규칙(지문없음),-2.14,0.36,125.0,0.0,1000.0,50,0.0,0,results/raw/MinAtar_Freeway-v1/rule_periodic_k8/lam0.02/seed3_final.csv
MinAtar_Freeway-v1,MinAtar/Freeway-v1,rule_periodic_k8,0.02,4,규칙(지문없음),-2.14,0.36,125.0,0.0,1000.0,50,0.0,0,results/raw/MinAtar_Freeway-v1/rule_periodic_k8/lam0.02/seed4_final.csv
MinAtar_Freeway-v1,MinAtar/Freeway-v1,rule_periodic_k8,0.02,5,규칙(지문없음),-2.22,0.28,125.0,0.0,1000.0,50,0.0,0,results/raw/MinAtar_Freeway-v1/rule_periodic_k8/lam0.02/seed5_final.csv
MinAtar_Freeway-v1,MinAtar/Freeway-v1,rule_periodic_k8,0.02,6,규칙(지문없음),-2.08,0.42,125.0,0.0,1000.0,50,0.0,0,results/raw/MinAtar_Freeway-v1/rule_periodic_k8/lam0.02/seed6_final.csv
MinAtar_Freeway-v1,MinAtar/Freeway-v1,rule_periodic_k8,0.02,7,규칙(지문없음),-2.06,0.44,125.0,0.0,1000.0,50,0.001,0,results/raw/MinAtar_Freeway-v1/rule_periodic_k8/lam0.02/seed7_final.csv
MinAtar_Freeway-v1,MinAtar/Freeway-v1,rule_periodic_k8,0.02,8,규칙(지문없음),-2.12,0.38,125.0,0.0,1000.0,50,0.0,0,results/raw/MinAtar_Freeway-v1/rule_periodic_k8/lam0.02/seed8_final.csv
MinAtar_Freeway-v1,MinAtar/Freeway-v1,rule_periodic_k8,0.02,9,규칙(지문없음),-2.18,0.32,125.0,0.0,1000.0,50,0.002,0,results/raw/MinAtar_Freeway-v1/rule_periodic_k8/lam0.02/seed9_final.csv
MinAtar_Freeway-v1,MinAtar/Freeway-v1,rule_periodic_k8,0.04,0,규칙(지문없음),-4.64,0.36,125.0,0.0,1000.0,50,0.0,0,results/raw/MinAtar_Freeway-v1/rule_periodic_k8/lam0.04/seed0_final.csv
MinAtar_Freeway-v1,MinAtar/Freeway-v1,rule_periodic_k8,0.04,1,규칙(지문없음),-4.72,0.28,125.0,0.0,1000.0,50,0.0,0,results/raw/MinAtar_Freeway-v1/rule_periodic_k8/lam0.04/seed1_final.csv
MinAtar_Freeway-v1,MinAtar/Freeway-v1,rule_periodic_k8,0.04,2,규칙(지문없음),-4.76,0.24,125.0,0.0,1000.0,50,0.0,0,results/raw/MinAtar_Freeway-v1/rule_periodic_k8/lam0.04/seed2_final.csv
MinAtar_Freeway-v1,MinAtar/Freeway-v1,rule_periodic_k8,0.04,3,규칙(지문없음),-4.64,0.36,125.0,0.0,1000.0,50,0.0,0,results/raw/MinAtar_Freeway-v1/rule_periodic_k8/lam0.04/seed3_final.csv
MinAtar_Freeway-v1,MinAtar/Freeway-v1,rule_periodic_k8,0.04,4,규칙(지문없음),-4.64,0.36,125.0,0.0,1000.0,50,0.0,0,results/raw/MinAtar_Freeway-v1/rule_periodic_k8/lam0.04/seed4_final.csv
MinAtar_Freeway-v1,MinAtar/Freeway-v1,rule_periodic_k8,0.04,5,규칙(지문없음),-4.72,0.28,125.0,0.0,1000.0,50,0.0,0,results/raw/MinAtar_Freeway-v1/rule_periodic_k8/lam0.04/seed5_final.csv
MinAtar_Freeway-v1,MinAtar/Freeway-v1,rule_periodic_k8,0.04,6,규칙(지문없음),-4.58,0.42,125.0,0.0,1000.0,50,0.001,0,results/raw/MinAtar_Freeway-v1/rule_periodic_k8/lam0.04/seed6_final.csv
MinAtar_Freeway-v1,MinAtar/Freeway-v1,rule_periodic_k8,0.04,7,규칙(지문없음),-4.56,0.44,125.0,0.0,1000.0,50,0.0,0,results/raw/MinAtar_Freeway-v1/rule_periodic_k8/lam0.04/seed7_final.csv
MinAtar_Freeway-v1,MinAtar/Freeway-v1,rule_periodic_k8,0.04,8,규칙(지문없음),-4.62,0.38,125.0,0.0,1000.0,50,0.0,0,results/raw/MinAtar_Freeway-v1/rule_periodic_k8/lam0.04/seed8_final.csv
MinAtar_Freeway-v1,MinAtar/Freeway-v1,rule_periodic_k8,0.04,9,규칙(지문없음),-4.68,0.32,125.0,0.0,1000.0,50,0.0,0,results/raw/MinAtar_Freeway-v1/rule_periodic_k8/lam0.04/seed9_final.csv
MinAtar_Freeway-v1,MinAtar/Freeway-v1,rule_periodic_k8,0.06,0,규칙(지문없음),-7.14,0.36,125.0,0.0,1000.0,50,0.0,0,results/raw/MinAtar_Freeway-v1/rule_periodic_k8/lam0.06/seed0_final.csv
MinAtar_Freeway-v1,MinAtar/Freeway-v1,rule_periodic_k8,0.06,1,규칙(지문없음),-7.22,0.28,125.0,0.0,1000.0,50,0.0,0,results/raw/MinAtar_Freeway-v1/rule_periodic_k8/lam0.06/seed1_final.csv
MinAtar_Freeway-v1,MinAtar/Freeway-v1,rule_periodic_k8,0.06,2,규칙(지문없음),-7.26,0.24,125.0,0.0,1000.0,50,0.005,0,results/raw/MinAtar_Freeway-v1/rule_periodic_k8/lam0.06/seed2_final.csv
MinAtar_Freeway-v1,MinAtar/Freeway-v1,rule_periodic_k8,0.06,3,규칙(지문없음),-7.14,0.36,125.0,0.0,1000.0,50,0.0,0,results/raw/MinAtar_Freeway-v1/rule_periodic_k8/lam0.06/seed3_final.csv
MinAtar_Freeway-v1,MinAtar/Freeway-v1,rule_periodic_k8,0.06,4,규칙(지문없음),-7.14,0.36,125.0,0.0,1000.0,50,0.0,0,results/raw/MinAtar_Freeway-v1/rule_periodic_k8/lam0.06/seed4_final.csv
MinAtar_Freeway-v1,MinAtar/Freeway-v1,rule_periodic_k8,0.06,5,규칙(지문없음),-7.22,0.28,125.0,0.0,1000.0,50,0.0,0,results/raw/MinAtar_Freeway-v1/rule_periodic_k8/lam0.06/seed5_final.csv
MinAtar_Freeway-v1,MinAtar/Freeway-v1,rule_periodic_k8,0.06,6,규칙(지문없음),-7.08,0.42,125.0,0.0,1000.0,50,0.0,0,results/raw/MinAtar_Freeway-v1/rule_periodic_k8/lam0.06/seed6_final.csv
MinAtar_Freeway-v1,MinAtar/Freeway-v1,rule_periodic_k8,0.06,7,규칙(지문없음),-7.06,0.44,125.0,0.0,1000.0,50,0.001,0,results/raw/MinAtar_Freeway-v1/rule_periodic_k8/lam0.06/seed7_final.csv
MinAtar_Freeway-v1,MinAtar/Freeway-v1,rule_periodic_k8,0.06,8,규칙(지문없음),-7.12,0.38,125.0,0.0,1000.0,50,0.0,0,results/raw/MinAtar_Freeway-v1/rule_periodic_k8/lam0.06/seed8_final.csv
MinAtar_Freeway-v1,MinAtar/Freeway-v1,rule_periodic_k8,0.06,9,규칙(지문없음),-7.18,0.32,125.0,0.0,1000.0,50,0.0,0,results/raw/MinAtar_Freeway-v1/rule_periodic_k8/lam0.06/seed9_final.csv
MinAtar_Freeway-v1,MinAtar/Freeway-v1,temporl,0.0,0,34d7a776195d,9.666666666666666,9.666666666666666,911.0444444444445,0.0,1000.0,45,5868.7,300000,results/raw/MinAtar_Freeway-v1/temporl/lam0.0/seed0_final.csv
MinAtar_Freeway-v1,MinAtar/Freeway-v1,temporl,0.0,1,34d7a776195d,8.155555555555555,8.155555555555555,952.2666666666667,0.0,1000.0,45,6193.9,300000,results/raw/MinAtar_Freeway-v1/temporl/lam0.0/seed1_final.csv
MinAtar_Freeway-v1,MinAtar/Freeway-v1,temporl,0.0,2,34d7a776195d,8.733333333333333,8.733333333333333,741.4444444444445,0.0,1000.0,45,5850.2,300000,results/raw/MinAtar_Freeway-v1/temporl/lam0.0/seed2_final.csv
MinAtar_Freeway-v1,MinAtar/Freeway-v1,temporl,0.0,3,34d7a776195d,8.044444444444444,8.044444444444444,818.4222222222222,0.0,1000.0,45,5660.8,300000,results/raw/MinAtar_Freeway-v1/temporl/lam0.0/seed3_final.csv
MinAtar_Freeway-v1,MinAtar/Freeway-v1,temporl,0.0,4,34d7a776195d,9.511111111111111,9.511111111111111,953.8222222222222,0.0,1000.0,45,5820.3,300000,results/raw/MinAtar_Freeway-v1/temporl/lam0.0/seed4_final.csv
MinAtar_Freeway-v1,MinAtar/Freeway-v1,temporl,0.0,5,34d7a776195d,12.422222222222222,12.422222222222222,961.8666666666667,0.0,1000.0,45,6001.0,300000,results/raw/MinAtar_Freeway-v1/temporl/lam0.0/seed5_final.csv
MinAtar_Freeway-v1,MinAtar/Freeway-v1,temporl,0.0,6,34d7a776195d,5.133333333333334,5.133333333333334,819.1111111111111,0.0,1000.0,45,5688.6,300000,results/raw/MinAtar_Freeway-v1/temporl/lam0.0/seed6_final.csv
MinAtar_Freeway-v1,MinAtar/Freeway-v1,temporl,0.0,7,34d7a776195d,8.688888888888888,8.688888888888888,966.2666666666667,0.0,1000.0,45,5715.7,300000,results/raw/MinAtar_Freeway-v1/temporl/lam0.0/seed7_final.csv
MinAtar_Freeway-v1,MinAtar/Freeway-v1,temporl,0.005,0,34d7a776195d,2.3045555555555923,6.2,779.0888888888888,0.0,1000.0,45,6071.7,300000,results/raw/MinAtar_Freeway-v1/temporl/lam0.005/seed0_final.csv
MinAtar_Freeway-v1,MinAtar/Freeway-v1,temporl,0.005,1,34d7a776195d,4.38177777777782,8.71111111111111,865.8666666666667,0.0,1000.0,45,6274.8,300000,results/raw/MinAtar_Freeway-v1/temporl/lam0.005/seed1_final.csv
MinAtar_Freeway-v1,MinAtar/Freeway-v1,temporl,0.005,2,34d7a776195d,4.2171111111111275,7.688888888888889,694.3555555555556,0.0,1000.0,45,5895.6,300000,results/raw/MinAtar_Freeway-v1/temporl/lam0.005/seed2_final.csv
MinAtar_Freeway-v1,MinAtar/Freeway-v1,temporl,0.005,3,34d7a776195d,0.0,0.0,0.0,0.0,1000.0,45,6953.6,300000,results/raw/MinAtar_Freeway-v1/temporl/lam0.005/seed3_final.csv
MinAtar_Freeway-v1,MinAtar/Freeway-v1,temporl,0.005,4,34d7a776195d,1.8484444444444705,4.0,430.31111111111113,0.0,1000.0,45,5807.5,300000,results/raw/MinAtar_Freeway-v1/temporl/lam0.005/seed4_final.csv
MinAtar_Freeway-v1,MinAtar/Freeway-v1,temporl,0.005,5,34d7a776195d,4.656555555555557,8.022222222222222,673.1333333333333,0.0,1000.0,45,5947.9,300000,results/raw/MinAtar_Freeway-v1/temporl/lam0.005/seed5_final.csv
MinAtar_Freeway-v1,MinAtar/Freeway-v1,temporl,0.005,6,34d7a776195d,0.0,0.0,0.0,0.0,1000.0,45,7115.5,300000,results/raw/MinAtar_Freeway-v1/temporl/lam0.005/seed6_final.csv
MinAtar_Freeway-v1,MinAtar/Freeway-v1,temporl,0.005,7,34d7a776195d,4.933333333333332,9.933333333333334,1000.0,0.0,1000.0,45,7127.1,300000,results/raw/MinAtar_Freeway-v1/temporl/lam0.005/seed7_final.csv
MinAtar_Freeway-v1,MinAtar/Freeway-v1,temporl,0.01,0,34d7a776195d,-1.0586666666666056,7.955555555555556,901.4222222222222,0.0,1000.0,45,5969.8,300000,results/raw/MinAtar_Freeway-v1/temporl/lam0.01/seed0_final.csv
MinAtar_Freeway-v1,MinAtar/Freeway-v1,temporl,0.01,1,34d7a776195d,-0.6288888888888517,4.6,522.8888888888889,0.0,1000.0,45,6290.3,300000,results/raw/MinAtar_Freeway-v1/temporl/lam0.01/seed1_final.csv
MinAtar_Freeway-v1,MinAtar/Freeway-v1,temporl,0.01,2,34d7a776195d,0.0,0.0,0.0,0.0,1000.0,45,7156.4,300000,results/raw/MinAtar_Freeway-v1/temporl/lam0.01/seed2_final.csv
MinAtar_Freeway-v1,MinAtar/Freeway-v1,temporl,0.01,3,34d7a776195d,0.18155555555558797,4.377777777777778,419.6222222222222,0.0,1000.0,45,7064.3,300000,results/raw/MinAtar_Freeway-v1/temporl/lam0.01/seed3_final.csv
MinAtar_Freeway-v1,MinAtar/Freeway-v1,temporl,0.01,4,34d7a776195d,0.660444444444498,8.955555555555556,829.5111111111111,0.0,1000.0,45,5963.0,300000,results/raw/MinAtar_Freeway-v1/temporl/lam0.01/seed4_final.csv
MinAtar_Freeway-v1,MinAtar/Freeway-v1,temporl,0.01,5,34d7a776195d,0.20933333333336543,5.5777777777777775,536.8444444444444,0.0,1000.0,45,6063.8,300000,results/raw/MinAtar_Freeway-v1/temporl/lam0.01/seed5_final.csv
MinAtar_Freeway-v1,MinAtar/Freeway-v1,temporl,0.01,6,34d7a776195d,0.0,0.0,0.0,0.0,1000.0,45,7134.3,300000,results/raw/MinAtar_Freeway-v1/temporl/lam0.01/seed6_final.csv
MinAtar_Freeway-v1,MinAtar/Freeway-v1,temporl,0.01,7,34d7a776195d,0.0,0.0,0.0,0.0,1000.0,45,7021.1,300000,results/raw/MinAtar_Freeway-v1/temporl/lam0.01/seed7_final.csv
MinAtar_Freeway-v1,MinAtar/Freeway-v1,temporl,0.02,0,34d7a776195d,-0.5959999999999992,0.15555555555555556,37.577777777777776,0.0,1000.0,45,6751.0,300000,results/raw/MinAtar_Freeway-v1/temporl/lam0.02/seed0_final.csv
MinAtar_Freeway-v1,MinAtar/Freeway-v1,temporl,0.02,1,34d7a776195d,-0.1626666666666668,0.1111111111111111,13.688888888888888,0.0,1000.0,45,6504.9,300000,results/raw/MinAtar_Freeway-v1/temporl/lam0.02/seed1_final.csv
MinAtar_Freeway-v1,MinAtar/Freeway-v1,temporl,0.02,2,34d7a776195d,0.0,0.0,0.0,0.0,1000.0,45,7325.7,300000,results/raw/MinAtar_Freeway-v1/temporl/lam0.02/seed2_final.csv
MinAtar_Freeway-v1,MinAtar/Freeway-v1,temporl,0.02,3,34d7a776195d,0.0,0.0,0.0,0.0,1000.0,45,7062.2,300000,results/raw/MinAtar_Freeway-v1/temporl/lam0.02/seed3_final.csv
MinAtar_Freeway-v1,MinAtar/Freeway-v1,temporl,0.02,4,34d7a776195d,-0.23022222222222236,0.022222222222222223,12.622222222222222,0.0,1000.0,45,6685.9,300000,results/raw/MinAtar_Freeway-v1/temporl/lam0.02/seed4_final.csv
MinAtar_Freeway-v1,MinAtar/Freeway-v1,temporl,0.02,5,34d7a776195d,-0.020444444444444446,0.0,1.0222222222222221,0.0,1000.0,45,6624.1,300000,results/raw/MinAtar_Freeway-v1/temporl/lam0.02/seed5_final.csv
MinAtar_Freeway-v1,MinAtar/Freeway-v1,temporl,0.02,6,34d7a776195d,0.0,0.0,0.0,0.0,1000.0,45,7189.8,300000,results/raw/MinAtar_Freeway-v1/temporl/lam0.02/seed6_final.csv
MinAtar_Freeway-v1,MinAtar/Freeway-v1,temporl,0.02,7,34d7a776195d,0.0,0.0,0.0,0.0,1000.0,45,6995.4,300000,results/raw/MinAtar_Freeway-v1/temporl/lam0.02/seed7_final.csv
MinAtar_Freeway-v1,MinAtar/Freeway-v1,temporl,0.04,0,34d7a776195d,0.0,0.0,0.0,0.0,1000.0,45,6753.3,300000,results/raw/MinAtar_Freeway-v1/temporl/lam0.04/seed0_final.csv
MinAtar_Freeway-v1,MinAtar/Freeway-v1,temporl,0.04,1,34d7a776195d,-0.4702222222222227,0.15555555555555556,15.644444444444444,0.0,1000.0,45,7319.7,300000,results/raw/MinAtar_Freeway-v1/temporl/lam0.04/seed1_final.csv
MinAtar_Freeway-v1,MinAtar/Freeway-v1,temporl,0.04,2,34d7a776195d,0.0,0.0,0.0,0.0,1000.0,45,7151.4,300000,results/raw/MinAtar_Freeway-v1/temporl/lam0.04/seed2_final.csv
MinAtar_Freeway-v1,MinAtar/Freeway-v1,temporl,0.04,3,34d7a776195d,0.0,0.0,0.0,0.0,1000.0,45,7081.6,300000,results/raw/MinAtar_Freeway-v1/temporl/lam0.04/seed3_final.csv
MinAtar_Freeway-v1,MinAtar/Freeway-v1,temporl,0.04,4,34d7a776195d,-0.0035555555555555557,0.0,0.08888888888888889,0.0,1000.0,45,6871.1,300000,results/raw/MinAtar_Freeway-v1/temporl/lam0.04/seed4_final.csv
MinAtar_Freeway-v1,MinAtar/Freeway-v1,temporl,0.04,5,34d7a776195d,-0.08888888888888893,0.022222222222222223,2.7777777777777777,0.0,1000.0,45,6891.7,300000,results/raw/MinAtar_Freeway-v1/temporl/lam0.04/seed5_final.csv
MinAtar_Freeway-v1,MinAtar/Freeway-v1,temporl,0.04,6,34d7a776195d,0.0,0.0,0.0,0.0,1000.0,45,7051.3,300000,results/raw/MinAtar_Freeway-v1/temporl/lam0.04/seed6_final.csv
MinAtar_Freeway-v1,MinAtar/Freeway-v1,temporl,0.04,7,34d7a776195d,0.0,0.0,0.0,0.0,1000.0,45,7073.5,300000,results/raw/MinAtar_Freeway-v1/temporl/lam0.04/seed7_final.csv
MinAtar_Freeway-v1,MinAtar/Freeway-v1,temporl,0.06,0,34d7a776195d,0.0,0.0,0.0,0.0,1000.0,45,6899.3,300000,results/raw/MinAtar_Freeway-v1/temporl/lam0.06/seed0_final.csv
MinAtar_Freeway-v1,MinAtar/Freeway-v1,temporl,0.06,1,34d7a776195d,-0.04933333333333335,0.0,0.8222222222222222,0.0,1000.0,45,7333.3,300000,results/raw/MinAtar_Freeway-v1/temporl/lam0.06/seed1_final.csv
MinAtar_Freeway-v1,MinAtar/Freeway-v1,temporl,0.06,2,34d7a776195d,0.0,0.0,0.0,0.0,1000.0,45,7046.4,300000,results/raw/MinAtar_Freeway-v1/temporl/lam0.06/seed2_final.csv
MinAtar_Freeway-v1,MinAtar/Freeway-v1,temporl,0.06,3,34d7a776195d,0.0,0.0,0.0,0.0,1000.0,45,6966.1,300000,results/raw/MinAtar_Freeway-v1/temporl/lam0.06/seed3_final.csv
MinAtar_Freeway-v1,MinAtar/Freeway-v1,temporl,0.06,4,34d7a776195d,0.0,0.0,0.0,0.0,1000.0,45,7047.8,300000,results/raw/MinAtar_Freeway-v1/temporl/lam0.06/seed4_final.csv
MinAtar_Freeway-v1,MinAtar/Freeway-v1,temporl,0.06,5,34d7a776195d,0.0,0.0,0.0,0.0,1000.0,45,7051.5,300000,results/raw/MinAtar_Freeway-v1/temporl/lam0.06/seed5_final.csv
MinAtar_Freeway-v1,MinAtar/Freeway-v1,temporl,0.06,6,34d7a776195d,0.0,0.0,0.0,0.0,1000.0,45,6947.0,300000,results/raw/MinAtar_Freeway-v1/temporl/lam0.06/seed6_final.csv
MinAtar_Freeway-v1,MinAtar/Freeway-v1,temporl,0.06,7,34d7a776195d,0.0,0.0,0.0,0.0,1000.0,45,7023.7,300000,results/raw/MinAtar_Freeway-v1/temporl/lam0.06/seed7_final.csv
